-- phpMyAdmin SQL Dump
-- version 5.2.0
-- https://www.phpmyadmin.net/
--
-- Host: 127.0.0.1:3306
-- Creato il: Apr 28, 2023 alle 14:38
-- Versione del server: 8.0.31
-- Versione PHP: 8.0.26

SET SQL_MODE = "NO_AUTO_VALUE_ON_ZERO";
START TRANSACTION;
SET time_zone = "+00:00";


/*!40101 SET @OLD_CHARACTER_SET_CLIENT=@@CHARACTER_SET_CLIENT */;
/*!40101 SET @OLD_CHARACTER_SET_RESULTS=@@CHARACTER_SET_RESULTS */;
/*!40101 SET @OLD_COLLATION_CONNECTION=@@COLLATION_CONNECTION */;
/*!40101 SET NAMES utf8mb4 */;

--
-- Database: `4money`
--

-- --------------------------------------------------------

--
-- Struttura della tabella `admin`
--

DROP TABLE IF EXISTS `admin`;
CREATE TABLE IF NOT EXISTS `admin` (
  `id` varchar(30) NOT NULL,
  `nome` varchar(20) NOT NULL,
  `password` varchar(30) NOT NULL,
  PRIMARY KEY (`id`)
) ENGINE=InnoDB DEFAULT CHARSET=utf8mb4 COLLATE=utf8mb4_0900_ai_ci;

-- --------------------------------------------------------

--
-- Struttura della tabella `categoria`
--

DROP TABLE IF EXISTS `categoria`;
CREATE TABLE IF NOT EXISTS `categoria` (
  `id` smallint NOT NULL,
  `nome` varchar(30) NOT NULL,
  `colore` varchar(7) NOT NULL,
  `img` varchar(40) NOT NULL,
  PRIMARY KEY (`id`),
  UNIQUE KEY `nome` (`nome`,`colore`,`img`)
) ENGINE=InnoDB DEFAULT CHARSET=utf8mb4 COLLATE=utf8mb4_0900_ai_ci;

--
-- Dump dei dati per la tabella `categoria`
--

INSERT INTO `categoria` (`id`, `nome`, `colore`, `img`) VALUES
(5, 'Altro', '#0000ff', ''),
(1, 'Casa', '#65375A', './img/'),
(3, 'Cibo', '#87C14F', ''),
(6, 'Risparmio', '#99CBFF', ''),
(4, 'Salute e Cura Personale', '#678D3E', ''),
(2, 'Trasporti', '#A878CD', '');

-- --------------------------------------------------------

--
-- Struttura della tabella `spesa`
--

DROP TABLE IF EXISTS `spesa`;
CREATE TABLE IF NOT EXISTS `spesa` (
  `id` int NOT NULL,
  `utente` varchar(30) NOT NULL,
  `importo` double NOT NULL,
  `data` date NOT NULL,
  `descrizione` varchar(50) NOT NULL,
  `categoria` smallint NOT NULL DEFAULT '5',
  PRIMARY KEY (`id`,`utente`),
  KEY `utente` (`utente`),
  KEY `ha` (`categoria`)
) ENGINE=InnoDB DEFAULT CHARSET=utf8mb4 COLLATE=utf8mb4_0900_ai_ci;

--
-- Dump dei dati per la tabella `spesa`
--

INSERT INTO `spesa` (`id`, `utente`, `importo`, `data`, `descrizione`, `categoria`) VALUES
(0, 'accaicedtea', 599, '2023-04-20', ' testo di prova ', 3),
(1, 'accaicedtea', 1000, '2023-04-14', 'testo prova', 1),
(1, 'luchetto', -985, '2023-04-19', ' testo di prova ', 1),
(2, 'luchetto', 825, '2023-04-12', ' testo di prova ', 4),
(3, 'accaicedtea', 758, '2023-04-02', ' testo di prova ', 1),
(4, 'accaicedtea', -447, '2022-04-04', ' testo di prova ', 1),
(5, 'pippa', 846, '2022-04-11', ' testo di prova ', 3),
(6, 'accaicedtea', -270, '2023-04-12', ' testo di prova ', 3),
(7, 'luchetto', -572, '2023-04-08', ' testo di prova ', 3),
(8, 'pippa', 189, '2023-04-18', ' testo di prova ', 3),
(9, 'accaicedtea', -926, '2022-04-15', ' testo di prova ', 3),
(10, 'luchetto', 539, '2023-04-18', ' testo di prova ', 5),
(11, 'luchetto', -959, '2023-04-19', ' testo di prova ', 2),
(12, 'pippa', 401, '2022-04-18', ' testo di prova ', 3),
(13, 'luchetto', 605, '2023-04-15', ' testo di prova ', 3),
(14, 'accaicedtea', -489, '2022-04-02', ' testo di prova ', 2),
(15, 'luchetto', -287, '2023-04-14', ' testo di prova ', 5),
(16, 'luchetto', -852, '2022-04-13', ' testo di prova ', 5),
(17, 'luchetto', 781, '2023-04-04', ' testo di prova ', 1),
(18, 'luchetto', 453, '2023-04-12', ' testo di prova ', 5),
(19, 'accaicedtea', 111, '2022-04-15', ' testo di prova ', 1),
(20, 'luchetto', 825, '2022-04-18', ' testo di prova ', 5),
(21, 'pippa', 965, '2023-04-16', ' testo di prova ', 1),
(22, 'pippa', -142, '2022-04-06', ' testo di prova ', 5),
(23, 'luchetto', -183, '2023-04-11', ' testo di prova ', 5),
(24, 'accaicedtea', -63, '2022-04-09', ' testo di prova ', 4),
(25, 'accaicedtea', -645, '2022-04-13', ' testo di prova ', 3),
(26, 'accaicedtea', -993, '2022-04-11', ' testo di prova ', 5),
(27, 'luchetto', -28, '2023-04-04', ' testo di prova ', 3),
(28, 'pippa', 821, '2022-04-13', ' testo di prova ', 3),
(29, 'pippa', -679, '2022-04-18', ' testo di prova ', 1),
(30, 'pippa', -526, '2022-04-05', ' testo di prova ', 3),
(31, 'accaicedtea', -346, '2022-04-22', ' testo di prova ', 4),
(32, 'accaicedtea', 638, '2023-04-03', ' testo di prova ', 3),
(33, 'luchetto', 35, '2023-04-03', ' testo di prova ', 5),
(34, 'luchetto', 957, '2023-04-13', ' testo di prova ', 1),
(35, 'pippa', 494, '2022-04-25', ' testo di prova ', 1),
(36, 'pippa', 278, '2022-04-18', ' testo di prova ', 1),
(37, 'luchetto', -899, '2022-04-12', ' testo di prova ', 1),
(38, 'luchetto', 432, '2022-04-22', ' testo di prova ', 3),
(39, 'pippa', 136, '2023-04-13', ' testo di prova ', 4),
(40, 'luchetto', 482, '2023-04-28', ' testo di prova ', 5),
(41, 'accaicedtea', -64, '2023-04-16', ' testo di prova ', 2),
(42, 'pippa', 781, '2022-04-23', ' testo di prova ', 3),
(43, 'accaicedtea', -308, '2023-04-01', ' testo di prova ', 4),
(44, 'accaicedtea', 314, '2023-04-09', ' testo di prova ', 5),
(45, 'pippa', -177, '2023-04-25', ' testo di prova ', 2),
(46, 'luchetto', -424, '2023-04-23', ' testo di prova ', 4),
(47, 'accaicedtea', -408, '2022-04-23', ' testo di prova ', 1),
(48, 'accaicedtea', 379, '2023-04-10', ' testo di prova ', 2),
(49, 'pippa', 644, '2023-04-18', ' testo di prova ', 3),
(50, 'accaicedtea', 906, '2023-04-10', ' testo di prova ', 5),
(51, 'pippa', -997, '2022-04-23', ' testo di prova ', 2),
(52, 'pippa', -531, '2023-04-22', ' testo di prova ', 1),
(53, 'luchetto', -539, '2023-04-13', ' testo di prova ', 5),
(54, 'luchetto', -622, '2023-04-06', ' testo di prova ', 4),
(55, 'accaicedtea', 271, '2023-04-04', ' testo di prova ', 3),
(56, 'pippa', -863, '2022-04-17', ' testo di prova ', 5),
(57, 'accaicedtea', -640, '2023-04-28', ' testo di prova ', 5),
(58, 'accaicedtea', 821, '2022-04-11', ' testo di prova ', 1),
(59, 'accaicedtea', 35, '2023-04-16', ' testo di prova ', 2),
(60, 'luchetto', 413, '2022-04-24', ' testo di prova ', 2),
(61, 'pippa', 303, '2023-04-01', ' testo di prova ', 5),
(62, 'pippa', 1000, '2022-04-28', ' testo di prova ', 1),
(63, 'pippa', -27, '2023-04-15', ' testo di prova ', 5),
(64, 'pippa', 667, '2023-04-13', ' testo di prova ', 5),
(65, 'pippa', -838, '2023-04-22', ' testo di prova ', 3),
(66, 'luchetto', 255, '2023-04-26', ' testo di prova ', 4),
(67, 'luchetto', 11, '2023-04-02', ' testo di prova ', 4),
(68, 'pippa', 243, '2022-04-08', ' testo di prova ', 2),
(69, 'pippa', 32, '2022-04-25', ' testo di prova ', 3),
(70, 'pippa', 865, '2022-04-03', ' testo di prova ', 4),
(71, 'pippa', 203, '2023-04-08', ' testo di prova ', 5),
(72, 'pippa', 866, '2022-04-11', ' testo di prova ', 5),
(73, 'luchetto', 165, '2022-04-11', ' testo di prova ', 1),
(74, 'pippa', -872, '2022-04-04', ' testo di prova ', 1),
(75, 'pippa', 990, '2023-04-02', ' testo di prova ', 1),
(76, 'luchetto', -869, '2023-04-11', ' testo di prova ', 4),
(77, 'luchetto', -769, '2023-04-11', ' testo di prova ', 5),
(78, 'accaicedtea', 713, '2022-04-17', ' testo di prova ', 1),
(79, 'accaicedtea', -207, '2023-04-14', ' testo di prova ', 3),
(80, 'pippa', 327, '2023-04-19', ' testo di prova ', 3),
(81, 'accaicedtea', 486, '2022-04-22', ' testo di prova ', 2),
(82, 'pippa', -154, '2023-04-20', ' testo di prova ', 5),
(83, 'pippa', -888, '2022-04-17', ' testo di prova ', 5),
(84, 'accaicedtea', -600, '2022-04-18', ' testo di prova ', 2),
(85, 'luchetto', 197, '2023-04-08', ' testo di prova ', 3),
(86, 'accaicedtea', -418, '2023-04-20', ' testo di prova ', 2),
(87, 'accaicedtea', 263, '2022-04-10', ' testo di prova ', 4),
(88, 'pippa', -238, '2022-04-18', ' testo di prova ', 4),
(89, 'accaicedtea', 426, '2022-04-02', ' testo di prova ', 4),
(90, 'luchetto', 101, '2022-04-16', ' testo di prova ', 1),
(91, 'pippa', -682, '2023-04-28', ' testo di prova ', 2),
(92, 'accaicedtea', -802, '2022-04-08', ' testo di prova ', 3),
(93, 'accaicedtea', -274, '2023-04-11', ' testo di prova ', 3),
(94, 'luchetto', -818, '2023-04-28', ' testo di prova ', 5),
(95, 'pippa', 625, '2023-04-10', ' testo di prova ', 1),
(96, 'accaicedtea', -762, '2023-04-26', ' testo di prova ', 4),
(97, 'luchetto', -269, '2023-04-13', ' testo di prova ', 3),
(98, 'pippa', 564, '2023-04-13', ' testo di prova ', 3),
(99, 'pippa', -367, '2022-04-25', ' testo di prova ', 5),
(100, 'accaicedtea', 780, '2022-04-10', ' testo di prova ', 3),
(100, 'luchetto', -313, '2022-04-21', ' testo di prova ', 5),
(101, 'accaicedtea', -933, '2023-04-14', ' testo di prova ', 3),
(102, 'luchetto', 170, '2023-04-26', ' testo di prova ', 2),
(103, 'luchetto', -11, '2023-04-21', ' testo di prova ', 1),
(104, 'accaicedtea', -930, '2023-04-16', ' testo di prova ', 1),
(105, 'luchetto', -303, '2022-04-02', ' testo di prova ', 4),
(106, 'accaicedtea', -648, '2023-04-03', ' testo di prova ', 5),
(107, 'luchetto', 618, '2022-04-06', ' testo di prova ', 5),
(108, 'luchetto', -530, '2023-04-01', ' testo di prova ', 1),
(109, 'pippa', -478, '2022-04-16', ' testo di prova ', 2),
(110, 'luchetto', 210, '2023-04-10', ' testo di prova ', 5),
(111, 'luchetto', -111, '2023-04-16', ' testo di prova ', 5),
(112, 'pippa', 182, '2023-04-23', ' testo di prova ', 3),
(113, 'pippa', 438, '2023-04-12', ' testo di prova ', 3),
(114, 'accaicedtea', -993, '2022-04-04', ' testo di prova ', 1),
(115, 'luchetto', 69, '2022-04-02', ' testo di prova ', 3),
(116, 'luchetto', 112, '2022-04-07', ' testo di prova ', 1),
(117, 'pippa', -414, '2022-04-09', ' testo di prova ', 2),
(118, 'luchetto', -827, '2023-04-17', ' testo di prova ', 2),
(119, 'pippa', -689, '2022-04-14', ' testo di prova ', 5),
(120, 'pippa', -968, '2023-04-19', ' testo di prova ', 5),
(121, 'pippa', -232, '2022-04-21', ' testo di prova ', 2),
(122, 'pippa', -902, '2023-04-27', ' testo di prova ', 3),
(123, 'luchetto', 521, '2022-04-15', ' testo di prova ', 5),
(124, 'accaicedtea', 466, '2022-04-04', ' testo di prova ', 1),
(125, 'luchetto', -551, '2022-04-23', ' testo di prova ', 2),
(126, 'pippa', 24, '2023-04-24', ' testo di prova ', 4),
(127, 'luchetto', -632, '2022-04-18', ' testo di prova ', 1),
(128, 'accaicedtea', 886, '2023-04-19', ' testo di prova ', 4),
(129, 'accaicedtea', -529, '2022-04-28', ' testo di prova ', 2),
(130, 'pippa', -688, '2023-04-21', ' testo di prova ', 2),
(131, 'luchetto', 80, '2023-04-01', ' testo di prova ', 1),
(132, 'luchetto', 278, '2022-04-01', ' testo di prova ', 3),
(133, 'pippa', 231, '2022-04-12', ' testo di prova ', 1),
(134, 'pippa', -632, '2023-04-28', ' testo di prova ', 5),
(135, 'luchetto', 828, '2023-04-13', ' testo di prova ', 3),
(136, 'luchetto', 910, '2023-04-17', ' testo di prova ', 2),
(137, 'luchetto', -740, '2022-04-26', ' testo di prova ', 2),
(138, 'luchetto', 405, '2022-04-22', ' testo di prova ', 2),
(139, 'pippa', 153, '2023-04-16', ' testo di prova ', 4),
(140, 'luchetto', -547, '2022-04-03', ' testo di prova ', 4),
(141, 'pippa', 156, '2023-04-06', ' testo di prova ', 3),
(142, 'luchetto', 790, '2023-04-01', ' testo di prova ', 4),
(143, 'accaicedtea', -8, '2022-04-26', ' testo di prova ', 1),
(144, 'accaicedtea', -718, '2023-04-27', ' testo di prova ', 2),
(145, 'luchetto', 545, '2022-04-25', ' testo di prova ', 4),
(146, 'pippa', 853, '2022-04-17', ' testo di prova ', 3),
(147, 'luchetto', -648, '2023-04-10', ' testo di prova ', 4),
(148, 'accaicedtea', -151, '2023-04-13', ' testo di prova ', 2),
(149, 'accaicedtea', -768, '2022-04-09', ' testo di prova ', 1),
(150, 'accaicedtea', -606, '2023-04-14', ' testo di prova ', 3),
(151, 'accaicedtea', 115, '2022-04-23', ' testo di prova ', 3),
(152, 'accaicedtea', -90, '2022-04-10', ' testo di prova ', 2),
(153, 'luchetto', -741, '2022-04-25', ' testo di prova ', 3),
(154, 'accaicedtea', -367, '2023-04-20', ' testo di prova ', 4),
(155, 'pippa', 975, '2022-04-27', ' testo di prova ', 2),
(156, 'pippa', -923, '2022-04-10', ' testo di prova ', 2),
(157, 'accaicedtea', 111, '2022-04-01', ' testo di prova ', 1),
(158, 'accaicedtea', -836, '2023-04-15', ' testo di prova ', 1),
(159, 'accaicedtea', 901, '2023-04-07', ' testo di prova ', 2),
(160, 'accaicedtea', -700, '2022-04-21', ' testo di prova ', 1),
(161, 'pippa', -635, '2022-04-07', ' testo di prova ', 4),
(162, 'luchetto', -213, '2023-04-03', ' testo di prova ', 4),
(163, 'accaicedtea', -275, '2022-04-02', ' testo di prova ', 4),
(164, 'accaicedtea', -986, '2022-04-26', ' testo di prova ', 1),
(165, 'accaicedtea', 416, '2023-04-28', ' testo di prova ', 1),
(166, 'luchetto', -759, '2023-04-11', ' testo di prova ', 3),
(167, 'luchetto', -180, '2022-04-22', ' testo di prova ', 1),
(168, 'luchetto', -222, '2022-04-08', ' testo di prova ', 1),
(169, 'pippa', 960, '2023-04-03', ' testo di prova ', 3),
(170, 'luchetto', -766, '2022-04-28', ' testo di prova ', 2),
(171, 'luchetto', 909, '2022-04-05', ' testo di prova ', 2),
(172, 'pippa', 496, '2022-04-28', ' testo di prova ', 3),
(173, 'accaicedtea', -88, '2023-04-10', ' testo di prova ', 3),
(174, 'pippa', 188, '2022-04-24', ' testo di prova ', 5),
(175, 'pippa', 608, '2022-04-19', ' testo di prova ', 4),
(176, 'luchetto', 475, '2023-04-23', ' testo di prova ', 3),
(177, 'luchetto', 421, '2023-04-04', ' testo di prova ', 4),
(178, 'pippa', -968, '2022-04-04', ' testo di prova ', 5),
(179, 'luchetto', 437, '2022-04-27', ' testo di prova ', 1),
(180, 'accaicedtea', -965, '2023-04-11', ' testo di prova ', 2),
(181, 'luchetto', 248, '2023-04-09', ' testo di prova ', 3),
(182, 'luchetto', -543, '2022-04-23', ' testo di prova ', 3),
(183, 'pippa', 900, '2023-04-27', ' testo di prova ', 5),
(184, 'accaicedtea', 324, '2023-04-05', ' testo di prova ', 3),
(185, 'pippa', 931, '2022-04-24', ' testo di prova ', 1),
(186, 'pippa', -192, '2022-04-10', ' testo di prova ', 5),
(187, 'luchetto', -31, '2022-04-12', ' testo di prova ', 2),
(188, 'luchetto', -938, '2022-04-10', ' testo di prova ', 3),
(189, 'pippa', -699, '2023-04-13', ' testo di prova ', 1),
(190, 'luchetto', 818, '2022-04-23', ' testo di prova ', 1),
(191, 'luchetto', 676, '2023-04-05', ' testo di prova ', 1),
(192, 'pippa', 678, '2023-04-07', ' testo di prova ', 5),
(193, 'luchetto', -519, '2022-04-04', ' testo di prova ', 2),
(194, 'accaicedtea', 788, '2022-04-12', ' testo di prova ', 5),
(195, 'accaicedtea', -626, '2022-04-28', ' testo di prova ', 4),
(196, 'luchetto', 103, '2023-04-13', ' testo di prova ', 2),
(197, 'pippa', 719, '2023-04-22', ' testo di prova ', 1),
(198, 'luchetto', -924, '2022-04-03', ' testo di prova ', 4),
(199, 'accaicedtea', 205, '2022-04-22', ' testo di prova ', 3),
(200, 'accaicedtea', -583, '2020-12-22', ' testo di prova ', 5),
(201, 'luchetto', 328, '2023-09-20', ' testo di prova ', 3),
(202, 'luchetto', -388, '2021-04-20', ' testo di prova ', 5),
(203, 'luchetto', -1698, '2021-12-01', ' testo di prova ', 1),
(204, 'luchetto', 239, '2022-09-14', ' testo di prova ', 2),
(205, 'luchetto', 570, '2021-04-01', ' testo di prova ', 2),
(206, 'pippa', -1410, '2022-03-07', ' testo di prova ', 4),
(207, 'pippa', 213, '2020-11-24', ' testo di prova ', 2),
(208, 'accaicedtea', -1348, '2023-12-28', ' testo di prova ', 5),
(209, 'luchetto', 1385, '2021-12-12', ' testo di prova ', 5),
(210, 'pippa', -1878, '2022-02-28', ' testo di prova ', 1),
(211, 'luchetto', 1255, '2020-08-15', ' testo di prova ', 4),
(212, 'accaicedtea', 514, '2020-02-11', ' testo di prova ', 2),
(213, 'luchetto', -208, '2022-07-12', ' testo di prova ', 1),
(214, 'pippa', -322, '2022-06-18', ' testo di prova ', 3),
(215, 'accaicedtea', 1683, '2020-04-23', ' testo di prova ', 2),
(216, 'luchetto', -643, '2022-09-18', ' testo di prova ', 1),
(217, 'accaicedtea', 1858, '2023-09-28', ' testo di prova ', 3),
(218, 'luchetto', 875, '2020-02-08', ' testo di prova ', 3),
(219, 'accaicedtea', 1613, '2022-11-03', ' testo di prova ', 1),
(220, 'accaicedtea', -1342, '2021-03-08', ' testo di prova ', 3),
(221, 'accaicedtea', -1177, '2020-02-03', ' testo di prova ', 1),
(222, 'accaicedtea', -10, '2020-12-12', ' testo di prova ', 5),
(223, 'luchetto', -42, '2021-12-16', ' testo di prova ', 5),
(224, 'accaicedtea', -1776, '2020-04-04', ' testo di prova ', 2),
(225, 'pippa', 1648, '2020-06-25', ' testo di prova ', 1),
(226, 'accaicedtea', 1417, '2023-03-18', ' testo di prova ', 5),
(227, 'luchetto', 1508, '2020-08-15', ' testo di prova ', 4),
(228, 'pippa', 1221, '2023-01-25', ' testo di prova ', 5),
(229, 'luchetto', 1108, '2020-09-02', ' testo di prova ', 5),
(230, 'pippa', 1212, '2023-05-24', ' testo di prova ', 3),
(231, 'pippa', 484, '2023-01-20', ' testo di prova ', 1),
(232, 'luchetto', 1448, '2023-05-20', ' testo di prova ', 5),
(233, 'accaicedtea', 1338, '2023-11-14', ' testo di prova ', 2),
(234, 'luchetto', 1087, '2023-12-05', ' testo di prova ', 4),
(235, 'pippa', -872, '2022-07-07', ' testo di prova ', 3),
(236, 'pippa', -594, '2023-03-03', ' testo di prova ', 5),
(237, 'accaicedtea', -192, '2022-03-20', ' testo di prova ', 1),
(238, 'luchetto', 397, '2020-04-18', ' testo di prova ', 2),
(239, 'accaicedtea', -286, '2022-03-04', ' testo di prova ', 2),
(240, 'accaicedtea', 819, '2020-05-10', ' testo di prova ', 3),
(241, 'pippa', 1828, '2022-07-03', ' testo di prova ', 4),
(242, 'pippa', 1720, '2023-07-09', ' testo di prova ', 3),
(243, 'accaicedtea', 240, '2022-06-21', ' testo di prova ', 4),
(244, 'accaicedtea', -1179, '2022-06-04', ' testo di prova ', 3),
(245, 'luchetto', 214, '2021-10-08', ' testo di prova ', 5),
(246, 'accaicedtea', -388, '2022-04-20', ' testo di prova ', 5),
(247, 'luchetto', -1393, '2023-04-11', ' testo di prova ', 3),
(248, 'accaicedtea', 956, '2021-02-03', ' testo di prova ', 5),
(249, 'pippa', -592, '2021-06-14', ' testo di prova ', 3),
(250, 'luchetto', -1632, '2021-12-09', ' testo di prova ', 5),
(251, 'luchetto', 990, '2020-03-03', ' testo di prova ', 3),
(252, 'accaicedtea', 956, '2023-02-01', ' testo di prova ', 5),
(253, 'accaicedtea', 1526, '2022-04-02', ' testo di prova ', 3),
(254, 'luchetto', -944, '2022-12-05', ' testo di prova ', 4),
(255, 'luchetto', 1819, '2023-11-24', ' testo di prova ', 3),
(256, 'luchetto', -743, '2022-07-19', ' testo di prova ', 2),
(257, 'luchetto', 568, '2021-07-27', ' testo di prova ', 3),
(258, 'accaicedtea', 261, '2020-09-22', ' testo di prova ', 5),
(259, 'pippa', 921, '2020-11-24', ' testo di prova ', 2),
(260, 'accaicedtea', 1146, '2021-01-23', ' testo di prova ', 4),
(261, 'pippa', -966, '2022-05-04', ' testo di prova ', 5),
(262, 'accaicedtea', 1550, '2020-12-01', ' testo di prova ', 3),
(263, 'pippa', 943, '2021-09-13', ' testo di prova ', 5),
(264, 'accaicedtea', 366, '2020-04-08', ' testo di prova ', 4),
(265, 'accaicedtea', 1306, '2020-06-27', ' testo di prova ', 2),
(266, 'accaicedtea', 1051, '2022-09-09', ' testo di prova ', 4),
(267, 'luchetto', -1461, '2023-12-14', ' testo di prova ', 1),
(268, 'luchetto', -994, '2022-01-28', ' testo di prova ', 4),
(269, 'luchetto', 1857, '2020-03-20', ' testo di prova ', 5),
(270, 'luchetto', 1076, '2023-08-15', ' testo di prova ', 5),
(271, 'accaicedtea', 1496, '2021-09-18', ' testo di prova ', 3),
(272, 'luchetto', -567, '2020-11-17', ' testo di prova ', 2),
(273, 'accaicedtea', -1202, '2023-01-26', ' testo di prova ', 5),
(274, 'pippa', -497, '2023-12-02', ' testo di prova ', 1),
(275, 'pippa', -900, '2021-04-14', ' testo di prova ', 2),
(276, 'luchetto', 259, '2023-03-23', ' testo di prova ', 4),
(277, 'accaicedtea', 938, '2022-06-02', ' testo di prova ', 4),
(278, 'pippa', 1932, '2020-02-15', ' testo di prova ', 4),
(279, 'accaicedtea', -1659, '2020-01-15', ' testo di prova ', 3),
(280, 'pippa', 1145, '2021-12-12', ' testo di prova ', 4),
(281, 'pippa', -1382, '2021-11-02', ' testo di prova ', 1),
(282, 'pippa', -888, '2023-08-17', ' testo di prova ', 5),
(283, 'pippa', 1971, '2020-01-02', ' testo di prova ', 1),
(284, 'accaicedtea', -1873, '2022-08-22', ' testo di prova ', 2),
(285, 'luchetto', -512, '2020-12-03', ' testo di prova ', 3),
(286, 'luchetto', 214, '2021-06-15', ' testo di prova ', 3),
(287, 'accaicedtea', 1614, '2023-01-12', ' testo di prova ', 3),
(288, 'accaicedtea', -270, '2020-04-13', ' testo di prova ', 1),
(289, 'pippa', 1662, '2023-04-16', ' testo di prova ', 5),
(290, 'pippa', 1043, '2023-06-03', ' testo di prova ', 3),
(291, 'luchetto', 335, '2022-10-03', ' testo di prova ', 3),
(292, 'luchetto', 1408, '2022-04-14', ' testo di prova ', 2),
(293, 'pippa', -26, '2020-08-01', ' testo di prova ', 3),
(294, 'pippa', -924, '2020-03-27', ' testo di prova ', 1),
(295, 'accaicedtea', -1622, '2021-04-11', ' testo di prova ', 4),
(296, 'luchetto', -132, '2021-04-04', ' testo di prova ', 1),
(297, 'luchetto', -267, '2022-11-22', ' testo di prova ', 4),
(298, 'luchetto', 1212, '2021-04-11', ' testo di prova ', 4),
(299, 'pippa', 1995, '2023-11-18', ' testo di prova ', 4),
(300, 'pippa', 175, '2023-07-24', ' testo di prova ', 3),
(301, 'accaicedtea', -1837, '2023-01-12', ' testo di prova ', 2),
(302, 'accaicedtea', 1900, '2021-09-22', ' testo di prova ', 5),
(303, 'pippa', 1895, '2023-01-18', ' testo di prova ', 5),
(304, 'accaicedtea', 1846, '2022-02-22', ' testo di prova ', 4),
(305, 'pippa', 1193, '2021-12-01', ' testo di prova ', 5),
(306, 'luchetto', -388, '2021-01-27', ' testo di prova ', 5),
(307, 'luchetto', 1863, '2023-01-10', ' testo di prova ', 2),
(308, 'pippa', -183, '2020-07-27', ' testo di prova ', 3),
(309, 'accaicedtea', 1586, '2022-05-16', ' testo di prova ', 4),
(310, 'accaicedtea', -1199, '2020-02-21', ' testo di prova ', 1),
(311, 'accaicedtea', 655, '2020-10-04', ' testo di prova ', 1),
(312, 'luchetto', -1943, '2022-03-05', ' testo di prova ', 4),
(313, 'accaicedtea', -1486, '2021-11-09', ' testo di prova ', 2),
(314, 'accaicedtea', 1622, '2020-08-26', ' testo di prova ', 5),
(315, 'pippa', -226, '2020-10-28', ' testo di prova ', 5),
(316, 'pippa', -1878, '2021-10-08', ' testo di prova ', 4),
(317, 'pippa', 1733, '2020-07-11', ' testo di prova ', 2),
(318, 'pippa', 58, '2020-12-12', ' testo di prova ', 3),
(319, 'pippa', -143, '2021-10-15', ' testo di prova ', 3),
(320, 'accaicedtea', 769, '2020-10-18', ' testo di prova ', 1),
(321, 'pippa', 1718, '2021-04-06', ' testo di prova ', 3),
(322, 'pippa', -905, '2022-01-01', ' testo di prova ', 3),
(323, 'luchetto', 689, '2023-07-16', ' testo di prova ', 5),
(324, 'luchetto', -378, '2023-01-11', ' testo di prova ', 1),
(325, 'accaicedtea', -1455, '2023-08-26', ' testo di prova ', 4),
(326, 'pippa', 704, '2022-10-12', ' testo di prova ', 3),
(327, 'pippa', 647, '2023-10-13', ' testo di prova ', 2),
(328, 'luchetto', -1795, '2021-03-28', ' testo di prova ', 5),
(329, 'luchetto', 254, '2023-01-12', ' testo di prova ', 5),
(330, 'luchetto', -112, '2023-02-20', ' testo di prova ', 2),
(331, 'accaicedtea', -1423, '2022-09-05', ' testo di prova ', 2),
(332, 'accaicedtea', -829, '2022-03-22', ' testo di prova ', 5),
(333, 'pippa', -45, '2023-08-26', ' testo di prova ', 5),
(334, 'pippa', -1696, '2021-09-01', ' testo di prova ', 3),
(335, 'pippa', -446, '2021-05-14', ' testo di prova ', 2),
(336, 'luchetto', -1701, '2022-09-11', ' testo di prova ', 2),
(337, 'accaicedtea', 1281, '2022-08-13', ' testo di prova ', 5),
(338, 'accaicedtea', 1750, '2021-07-05', ' testo di prova ', 4),
(339, 'luchetto', 1180, '2022-03-25', ' testo di prova ', 1),
(340, 'luchetto', -596, '2022-07-28', ' testo di prova ', 4),
(341, 'pippa', -1225, '2023-03-01', ' testo di prova ', 4),
(342, 'pippa', 188, '2022-02-10', ' testo di prova ', 1),
(343, 'pippa', 1268, '2022-06-27', ' testo di prova ', 3),
(344, 'pippa', -519, '2022-03-04', ' testo di prova ', 1),
(345, 'luchetto', 1743, '2023-05-07', ' testo di prova ', 1),
(346, 'pippa', 1755, '2023-09-15', ' testo di prova ', 4),
(347, 'luchetto', 1752, '2020-07-22', ' testo di prova ', 2),
(348, 'accaicedtea', -207, '2022-06-01', ' testo di prova ', 1),
(349, 'pippa', -268, '2022-05-15', ' testo di prova ', 3),
(350, 'accaicedtea', 1951, '2023-11-22', ' testo di prova ', 4),
(351, 'pippa', 101, '2022-02-17', ' testo di prova ', 3),
(352, 'luchetto', -1471, '2022-08-07', ' testo di prova ', 5),
(353, 'accaicedtea', 264, '2023-02-26', ' testo di prova ', 2),
(354, 'luchetto', 1299, '2022-08-11', ' testo di prova ', 4),
(355, 'luchetto', 683, '2022-12-10', ' testo di prova ', 1),
(356, 'accaicedtea', 1575, '2021-04-20', ' testo di prova ', 1),
(357, 'accaicedtea', 1285, '2022-01-17', ' testo di prova ', 1),
(358, 'accaicedtea', 1596, '2022-10-07', ' testo di prova ', 2),
(359, 'pippa', 263, '2023-08-23', ' testo di prova ', 4),
(360, 'accaicedtea', -1091, '2020-10-25', ' testo di prova ', 5),
(361, 'accaicedtea', -920, '2020-03-12', ' testo di prova ', 5),
(362, 'pippa', -743, '2022-01-15', ' testo di prova ', 3),
(363, 'pippa', -1634, '2022-11-12', ' testo di prova ', 2),
(364, 'luchetto', -1127, '2022-11-21', ' testo di prova ', 5),
(365, 'accaicedtea', -1208, '2021-01-25', ' testo di prova ', 4),
(366, 'luchetto', 1474, '2022-07-11', ' testo di prova ', 2),
(367, 'accaicedtea', 428, '2021-10-03', ' testo di prova ', 4),
(368, 'pippa', 327, '2022-02-28', ' testo di prova ', 4),
(369, 'accaicedtea', 282, '2020-04-21', ' testo di prova ', 1),
(370, 'pippa', 870, '2022-12-17', ' testo di prova ', 5),
(371, 'pippa', -168, '2022-05-13', ' testo di prova ', 4),
(372, 'luchetto', 1431, '2021-09-13', ' testo di prova ', 2),
(373, 'accaicedtea', 1507, '2021-03-16', ' testo di prova ', 3),
(374, 'pippa', -104, '2021-06-23', ' testo di prova ', 1),
(375, 'accaicedtea', -1619, '2020-07-02', ' testo di prova ', 4),
(376, 'accaicedtea', -1150, '2020-09-18', ' testo di prova ', 5),
(377, 'pippa', -1409, '2021-06-22', ' testo di prova ', 5),
(378, 'accaicedtea', 1800, '2023-07-21', ' testo di prova ', 4),
(379, 'pippa', 870, '2020-02-12', ' testo di prova ', 2),
(380, 'luchetto', -1366, '2022-05-12', ' testo di prova ', 1),
(381, 'pippa', -610, '2020-08-10', ' testo di prova ', 4),
(382, 'luchetto', 1633, '2022-06-04', ' testo di prova ', 2),
(383, 'luchetto', -1533, '2020-05-07', ' testo di prova ', 5),
(384, 'accaicedtea', -1846, '2022-01-09', ' testo di prova ', 3),
(385, 'luchetto', 1888, '2023-05-09', ' testo di prova ', 5),
(386, 'pippa', 941, '2022-04-05', ' testo di prova ', 3),
(387, 'accaicedtea', 1372, '2023-11-04', ' testo di prova ', 3),
(388, 'accaicedtea', -222, '2021-04-18', ' testo di prova ', 4),
(389, 'pippa', -1300, '2021-12-01', ' testo di prova ', 4),
(390, 'accaicedtea', 390, '2022-06-22', ' testo di prova ', 3),
(391, 'pippa', 1030, '2022-03-24', ' testo di prova ', 3),
(392, 'accaicedtea', -1576, '2023-01-24', ' testo di prova ', 3),
(393, 'pippa', 1712, '2023-02-11', ' testo di prova ', 2),
(394, 'accaicedtea', -1555, '2021-08-28', ' testo di prova ', 2),
(395, 'pippa', -723, '2023-11-25', ' testo di prova ', 2),
(396, 'luchetto', 1244, '2021-04-22', ' testo di prova ', 3),
(397, 'accaicedtea', 171, '2020-02-03', ' testo di prova ', 5),
(398, 'luchetto', -150, '2023-05-27', ' testo di prova ', 3),
(399, 'pippa', -969, '2022-02-07', ' testo di prova ', 2),
(400, 'pippa', -1343, '2020-03-18', ' testo di prova ', 2),
(401, 'accaicedtea', -1464, '2021-06-11', ' testo di prova ', 1),
(402, 'pippa', -629, '2021-03-22', ' testo di prova ', 3),
(403, 'pippa', 1753, '2023-11-09', ' testo di prova ', 4),
(404, 'pippa', 703, '2022-02-24', ' testo di prova ', 2),
(405, 'luchetto', 1892, '2023-05-14', ' testo di prova ', 1),
(406, 'luchetto', 1159, '2022-08-06', ' testo di prova ', 3),
(407, 'accaicedtea', 300, '2023-08-22', ' testo di prova ', 5),
(408, 'luchetto', 1512, '2020-11-23', ' testo di prova ', 5),
(409, 'luchetto', -494, '2020-10-04', ' testo di prova ', 3),
(410, 'pippa', 937, '2022-03-11', ' testo di prova ', 1),
(411, 'luchetto', -142, '2021-12-18', ' testo di prova ', 3),
(412, 'accaicedtea', -84, '2021-04-22', ' testo di prova ', 2),
(413, 'pippa', 1823, '2022-08-10', ' testo di prova ', 1),
(414, 'pippa', 1167, '2023-03-28', ' testo di prova ', 2),
(415, 'luchetto', -577, '2023-01-21', ' testo di prova ', 5),
(416, 'luchetto', 954, '2020-02-21', ' testo di prova ', 1),
(417, 'accaicedtea', -311, '2021-09-27', ' testo di prova ', 3),
(418, 'pippa', -1820, '2020-02-19', ' testo di prova ', 3),
(419, 'luchetto', 1634, '2023-06-10', ' testo di prova ', 1),
(420, 'accaicedtea', -572, '2020-10-02', ' testo di prova ', 3),
(421, 'luchetto', -779, '2022-09-07', ' testo di prova ', 1),
(422, 'pippa', -1688, '2022-04-08', ' testo di prova ', 4),
(423, 'accaicedtea', -1357, '2023-05-12', ' testo di prova ', 4),
(424, 'luchetto', 1717, '2022-03-06', ' testo di prova ', 3),
(425, 'luchetto', -1696, '2023-07-12', ' testo di prova ', 1),
(426, 'pippa', -1939, '2020-05-14', ' testo di prova ', 2),
(427, 'pippa', 1064, '2020-06-03', ' testo di prova ', 1),
(428, 'accaicedtea', -1589, '2023-10-23', ' testo di prova ', 2),
(429, 'luchetto', 1943, '2022-05-25', ' testo di prova ', 2),
(430, 'luchetto', -1031, '2020-12-08', ' testo di prova ', 2),
(431, 'luchetto', 1276, '2021-12-13', ' testo di prova ', 2),
(432, 'luchetto', 1860, '2023-08-05', ' testo di prova ', 3),
(433, 'pippa', 62, '2021-09-26', ' testo di prova ', 1),
(434, 'pippa', -1779, '2023-01-11', ' testo di prova ', 3),
(435, 'accaicedtea', -654, '2022-01-13', ' testo di prova ', 3),
(436, 'pippa', 1058, '2021-09-28', ' testo di prova ', 3),
(437, 'luchetto', -36, '2021-01-03', ' testo di prova ', 3),
(438, 'pippa', 1187, '2021-03-28', ' testo di prova ', 2),
(439, 'pippa', -198, '2023-05-23', ' testo di prova ', 2),
(440, 'luchetto', -479, '2022-11-28', ' testo di prova ', 4),
(441, 'luchetto', 1223, '2021-07-27', ' testo di prova ', 5),
(442, 'accaicedtea', 635, '2023-12-24', ' testo di prova ', 5),
(443, 'pippa', -1061, '2020-07-05', ' testo di prova ', 5),
(444, 'accaicedtea', 1261, '2021-02-20', ' testo di prova ', 5),
(445, 'luchetto', -297, '2022-06-02', ' testo di prova ', 1),
(446, 'luchetto', -287, '2021-08-16', ' testo di prova ', 4),
(447, 'pippa', -435, '2021-09-09', ' testo di prova ', 2),
(448, 'luchetto', 685, '2022-04-20', ' testo di prova ', 4),
(449, 'luchetto', -1173, '2022-11-26', ' testo di prova ', 2),
(450, 'pippa', -871, '2020-04-26', ' testo di prova ', 2),
(451, 'pippa', -363, '2021-11-21', ' testo di prova ', 1),
(452, 'accaicedtea', 595, '2023-06-08', ' testo di prova ', 2),
(453, 'pippa', -997, '2023-02-03', ' testo di prova ', 2),
(454, 'pippa', -1645, '2021-01-16', ' testo di prova ', 4),
(455, 'pippa', -504, '2023-10-20', ' testo di prova ', 2),
(456, 'pippa', -1008, '2022-02-02', ' testo di prova ', 1),
(457, 'luchetto', -710, '2020-11-28', ' testo di prova ', 3),
(458, 'luchetto', -1222, '2020-04-14', ' testo di prova ', 5),
(459, 'luchetto', 1897, '2021-11-14', ' testo di prova ', 4),
(460, 'accaicedtea', -1841, '2022-01-04', ' testo di prova ', 2),
(461, 'pippa', -1787, '2021-10-13', ' testo di prova ', 1),
(462, 'pippa', -866, '2023-06-26', ' testo di prova ', 2),
(463, 'accaicedtea', -737, '2021-06-05', ' testo di prova ', 5),
(464, 'luchetto', 506, '2021-08-10', ' testo di prova ', 3),
(465, 'luchetto', -1618, '2023-11-02', ' testo di prova ', 4),
(466, 'luchetto', 858, '2020-04-23', ' testo di prova ', 2),
(467, 'pippa', -796, '2021-12-15', ' testo di prova ', 1),
(468, 'luchetto', 1802, '2021-01-14', ' testo di prova ', 5),
(469, 'accaicedtea', 1427, '2021-01-06', ' testo di prova ', 5),
(470, 'pippa', -671, '2022-03-06', ' testo di prova ', 4),
(471, 'accaicedtea', -708, '2020-11-28', ' testo di prova ', 1),
(472, 'pippa', 505, '2023-05-04', ' testo di prova ', 2),
(473, 'accaicedtea', 300, '2023-02-03', ' testo di prova ', 5),
(474, 'pippa', -1614, '2021-08-18', ' testo di prova ', 4),
(475, 'luchetto', 808, '2020-03-22', ' testo di prova ', 5),
(476, 'accaicedtea', 1527, '2022-01-01', ' testo di prova ', 2),
(477, 'luchetto', -1753, '2023-06-23', ' testo di prova ', 5),
(478, 'luchetto', 1472, '2021-07-17', ' testo di prova ', 5),
(479, 'luchetto', 1936, '2023-10-10', ' testo di prova ', 1),
(480, 'accaicedtea', -751, '2020-04-14', ' testo di prova ', 3),
(481, 'luchetto', -821, '2023-02-23', ' testo di prova ', 5),
(482, 'luchetto', -1015, '2021-08-26', ' testo di prova ', 2),
(483, 'luchetto', 1815, '2022-11-19', ' testo di prova ', 5),
(484, 'pippa', -501, '2020-04-09', ' testo di prova ', 3),
(485, 'pippa', 756, '2021-05-09', ' testo di prova ', 5),
(486, 'pippa', -1860, '2023-05-26', ' testo di prova ', 3),
(487, 'accaicedtea', -1338, '2021-11-13', ' testo di prova ', 2),
(488, 'pippa', -1853, '2020-10-27', ' testo di prova ', 3),
(489, 'accaicedtea', -1853, '2021-04-08', ' testo di prova ', 1),
(490, 'pippa', -884, '2022-04-02', ' testo di prova ', 5),
(491, 'accaicedtea', -588, '2022-12-02', ' testo di prova ', 5),
(492, 'luchetto', -122, '2023-07-18', ' testo di prova ', 3),
(493, 'luchetto', -191, '2022-02-05', ' testo di prova ', 3),
(494, 'pippa', -213, '2021-01-25', ' testo di prova ', 5),
(495, 'pippa', 380, '2021-03-07', ' testo di prova ', 1),
(496, 'pippa', 770, '2023-04-22', ' testo di prova ', 1),
(497, 'accaicedtea', -1224, '2023-01-17', ' testo di prova ', 2),
(498, 'luchetto', -105, '2020-10-15', ' testo di prova ', 4),
(499, 'luchetto', 380, '2023-01-09', ' testo di prova ', 5),
(500, 'accaicedtea', -1823, '2022-04-16', ' testo di prova ', 1),
(501, 'pippa', 808, '2022-01-26', ' testo di prova ', 3),
(502, 'luchetto', -884, '2021-03-10', ' testo di prova ', 4),
(503, 'accaicedtea', 943, '2022-10-05', ' testo di prova ', 1),
(504, 'pippa', 1827, '2021-05-06', ' testo di prova ', 4),
(505, 'accaicedtea', -174, '2023-06-28', ' testo di prova ', 5),
(506, 'pippa', 194, '2022-03-21', ' testo di prova ', 5),
(507, 'luchetto', 272, '2021-04-20', ' testo di prova ', 2),
(508, 'luchetto', -1139, '2021-05-06', ' testo di prova ', 3),
(509, 'luchetto', -1053, '2022-08-24', ' testo di prova ', 3),
(510, 'pippa', -348, '2020-03-15', ' testo di prova ', 5),
(511, 'luchetto', 740, '2021-12-14', ' testo di prova ', 2),
(512, 'accaicedtea', -419, '2021-01-11', ' testo di prova ', 1),
(513, 'luchetto', -1297, '2022-05-17', ' testo di prova ', 1),
(514, 'accaicedtea', 533, '2023-07-08', ' testo di prova ', 2),
(515, 'luchetto', 403, '2021-11-12', ' testo di prova ', 3),
(516, 'pippa', -1588, '2021-03-06', ' testo di prova ', 4),
(517, 'accaicedtea', -70, '2021-05-14', ' testo di prova ', 5),
(518, 'accaicedtea', -1597, '2022-10-28', ' testo di prova ', 1),
(519, 'pippa', -1262, '2020-09-21', ' testo di prova ', 4),
(520, 'pippa', -752, '2022-02-20', ' testo di prova ', 4),
(521, 'luchetto', -1512, '2023-08-20', ' testo di prova ', 2),
(522, 'luchetto', 685, '2020-12-04', ' testo di prova ', 5),
(523, 'pippa', -635, '2021-01-26', ' testo di prova ', 4),
(524, 'luchetto', -433, '2023-09-27', ' testo di prova ', 2),
(525, 'accaicedtea', -1140, '2022-09-10', ' testo di prova ', 1),
(526, 'luchetto', -1899, '2023-04-27', ' testo di prova ', 2),
(527, 'luchetto', 1844, '2021-09-13', ' testo di prova ', 2),
(528, 'luchetto', -918, '2023-06-06', ' testo di prova ', 5),
(529, 'luchetto', -935, '2021-11-23', ' testo di prova ', 4),
(530, 'luchetto', 172, '2023-09-13', ' testo di prova ', 4),
(531, 'luchetto', -8, '2023-03-17', ' testo di prova ', 5),
(532, 'accaicedtea', 780, '2023-06-05', ' testo di prova ', 4),
(533, 'pippa', -1973, '2021-03-20', ' testo di prova ', 5),
(534, 'luchetto', -1922, '2022-08-04', ' testo di prova ', 2),
(535, 'accaicedtea', -1663, '2020-02-10', ' testo di prova ', 4),
(536, 'luchetto', 546, '2022-04-11', ' testo di prova ', 5),
(537, 'accaicedtea', -1814, '2023-03-02', ' testo di prova ', 2),
(538, 'accaicedtea', 1301, '2023-11-11', ' testo di prova ', 2),
(539, 'accaicedtea', 907, '2021-02-23', ' testo di prova ', 4),
(540, 'luchetto', -1138, '2022-02-16', ' testo di prova ', 4),
(541, 'pippa', -1449, '2023-03-22', ' testo di prova ', 5),
(542, 'luchetto', 823, '2021-05-26', ' testo di prova ', 4),
(543, 'accaicedtea', 77, '2020-08-13', ' testo di prova ', 2),
(544, 'pippa', -1141, '2020-04-07', ' testo di prova ', 1),
(545, 'pippa', -1595, '2023-07-08', ' testo di prova ', 2),
(546, 'accaicedtea', 84, '2021-11-28', ' testo di prova ', 5),
(547, 'accaicedtea', 628, '2022-02-14', ' testo di prova ', 1),
(548, 'luchetto', -50, '2022-01-24', ' testo di prova ', 2),
(549, 'pippa', -714, '2023-11-13', ' testo di prova ', 3),
(550, 'pippa', -1348, '2022-07-18', ' testo di prova ', 1),
(551, 'luchetto', -1391, '2021-10-15', ' testo di prova ', 3),
(552, 'accaicedtea', -668, '2020-11-21', ' testo di prova ', 1),
(553, 'accaicedtea', -1828, '2023-04-13', ' testo di prova ', 2),
(554, 'accaicedtea', 118, '2021-11-23', ' testo di prova ', 1),
(555, 'pippa', 135, '2021-01-24', ' testo di prova ', 3),
(556, 'accaicedtea', -1656, '2020-01-26', ' testo di prova ', 3),
(557, 'luchetto', -374, '2021-12-09', ' testo di prova ', 5),
(558, 'accaicedtea', -15, '2020-04-18', ' testo di prova ', 4),
(559, 'luchetto', 1891, '2023-12-28', ' testo di prova ', 2),
(560, 'accaicedtea', -568, '2020-02-15', ' testo di prova ', 5),
(561, 'accaicedtea', -386, '2021-07-03', ' testo di prova ', 5),
(562, 'accaicedtea', -623, '2020-07-22', ' testo di prova ', 1),
(563, 'luchetto', -388, '2022-03-24', ' testo di prova ', 4),
(564, 'accaicedtea', -912, '2022-01-14', ' testo di prova ', 3),
(565, 'accaicedtea', 1212, '2022-11-15', ' testo di prova ', 3),
(566, 'luchetto', -557, '2023-11-11', ' testo di prova ', 5),
(567, 'accaicedtea', -976, '2022-10-28', ' testo di prova ', 3),
(568, 'accaicedtea', -13, '2023-07-18', ' testo di prova ', 4),
(569, 'pippa', -1994, '2021-01-05', ' testo di prova ', 4),
(570, 'pippa', 970, '2021-11-18', ' testo di prova ', 5),
(571, 'accaicedtea', 302, '2023-11-18', ' testo di prova ', 1),
(572, 'accaicedtea', 1326, '2021-07-06', ' testo di prova ', 5),
(573, 'luchetto', -164, '2020-12-04', ' testo di prova ', 4),
(574, 'luchetto', 783, '2022-05-14', ' testo di prova ', 1),
(575, 'luchetto', -627, '2021-04-09', ' testo di prova ', 5),
(576, 'luchetto', 1690, '2021-07-11', ' testo di prova ', 5),
(577, 'accaicedtea', -918, '2022-02-04', ' testo di prova ', 2),
(578, 'luchetto', -1033, '2021-03-17', ' testo di prova ', 4),
(579, 'pippa', -506, '2020-06-14', ' testo di prova ', 2),
(580, 'luchetto', -1619, '2020-01-19', ' testo di prova ', 3),
(581, 'luchetto', -527, '2022-02-09', ' testo di prova ', 5),
(582, 'pippa', 1896, '2023-05-09', ' testo di prova ', 5),
(583, 'pippa', -358, '2023-04-26', ' testo di prova ', 2),
(584, 'pippa', 43, '2020-09-02', ' testo di prova ', 3),
(585, 'accaicedtea', 472, '2020-08-07', ' testo di prova ', 4),
(586, 'pippa', -734, '2020-09-18', ' testo di prova ', 2),
(587, 'luchetto', -82, '2021-10-18', ' testo di prova ', 5),
(588, 'pippa', -365, '2021-05-07', ' testo di prova ', 3),
(589, 'pippa', 486, '2020-05-01', ' testo di prova ', 3),
(590, 'accaicedtea', -301, '2022-08-06', ' testo di prova ', 4),
(591, 'pippa', -1511, '2022-07-20', ' testo di prova ', 4),
(592, 'accaicedtea', 360, '2020-02-05', ' testo di prova ', 5),
(593, 'pippa', -1177, '2020-11-24', ' testo di prova ', 3),
(594, 'luchetto', 1750, '2020-07-25', ' testo di prova ', 3),
(595, 'accaicedtea', 746, '2022-04-05', ' testo di prova ', 2),
(596, 'accaicedtea', -1351, '2023-03-02', ' testo di prova ', 2),
(597, 'accaicedtea', -27, '2022-08-09', ' testo di prova ', 1),
(598, 'luchetto', -1483, '2020-11-15', ' testo di prova ', 1),
(599, 'accaicedtea', -632, '2021-09-12', ' testo di prova ', 4),
(600, 'luchetto', -1764, '2023-08-19', ' testo di prova ', 5),
(601, 'accaicedtea', 244, '2020-06-21', ' testo di prova ', 1),
(602, 'pippa', -1528, '2023-11-26', ' testo di prova ', 3),
(603, 'luchetto', -511, '2021-04-21', ' testo di prova ', 5),
(604, 'pippa', -329, '2021-01-15', ' testo di prova ', 4),
(605, 'accaicedtea', -1091, '2023-07-21', ' testo di prova ', 5),
(606, 'accaicedtea', -190, '2023-01-24', ' testo di prova ', 1),
(607, 'accaicedtea', -455, '2022-09-13', ' testo di prova ', 5),
(608, 'luchetto', 1069, '2022-03-01', ' testo di prova ', 3),
(609, 'pippa', 851, '2023-11-19', ' testo di prova ', 2),
(610, 'pippa', -706, '2023-07-18', ' testo di prova ', 5),
(611, 'luchetto', 216, '2022-09-03', ' testo di prova ', 3),
(612, 'pippa', 645, '2020-01-09', ' testo di prova ', 4),
(613, 'luchetto', -1072, '2020-07-23', ' testo di prova ', 4),
(614, 'pippa', 282, '2023-07-17', ' testo di prova ', 1),
(615, 'luchetto', -320, '2022-08-12', ' testo di prova ', 2),
(616, 'pippa', 1353, '2022-09-26', ' testo di prova ', 2),
(617, 'pippa', 1189, '2023-07-09', ' testo di prova ', 3),
(618, 'accaicedtea', 1106, '2023-07-16', ' testo di prova ', 2),
(619, 'pippa', -1605, '2023-06-05', ' testo di prova ', 1),
(620, 'luchetto', 887, '2023-02-27', ' testo di prova ', 3),
(621, 'luchetto', -1240, '2023-07-23', ' testo di prova ', 4),
(622, 'pippa', -1223, '2021-11-10', ' testo di prova ', 5),
(623, 'accaicedtea', -632, '2022-01-11', ' testo di prova ', 2),
(624, 'accaicedtea', -66, '2023-12-15', ' testo di prova ', 4),
(625, 'luchetto', -1963, '2021-01-27', ' testo di prova ', 1),
(626, 'accaicedtea', 1178, '2021-09-19', ' testo di prova ', 2),
(627, 'accaicedtea', 908, '2021-01-19', ' testo di prova ', 4),
(628, 'accaicedtea', 374, '2022-04-12', ' testo di prova ', 5),
(629, 'luchetto', 611, '2020-06-22', ' testo di prova ', 5),
(630, 'luchetto', -1437, '2022-07-18', ' testo di prova ', 4),
(631, 'pippa', -1743, '2020-12-20', ' testo di prova ', 3),
(632, 'pippa', -406, '2021-08-21', ' testo di prova ', 2),
(633, 'accaicedtea', 312, '2022-02-24', ' testo di prova ', 3),
(634, 'pippa', -1933, '2022-09-24', ' testo di prova ', 1),
(635, 'pippa', 660, '2020-01-16', ' testo di prova ', 4),
(636, 'luchetto', -660, '2020-10-18', ' testo di prova ', 2),
(637, 'pippa', 2, '2021-11-19', ' testo di prova ', 1),
(638, 'pippa', 610, '2020-12-15', ' testo di prova ', 4),
(639, 'pippa', -1656, '2020-12-13', ' testo di prova ', 4),
(640, 'luchetto', -207, '2020-03-05', ' testo di prova ', 2),
(641, 'accaicedtea', 1700, '2023-03-11', ' testo di prova ', 4),
(642, 'luchetto', -189, '2022-08-23', ' testo di prova ', 5),
(643, 'luchetto', 249, '2021-12-11', ' testo di prova ', 1),
(644, 'pippa', -801, '2021-02-17', ' testo di prova ', 1),
(645, 'accaicedtea', 789, '2023-04-07', ' testo di prova ', 4),
(646, 'luchetto', -1233, '2022-09-08', ' testo di prova ', 5),
(647, 'pippa', -1752, '2021-04-09', ' testo di prova ', 1),
(648, 'accaicedtea', -1466, '2022-10-20', ' testo di prova ', 1),
(649, 'pippa', -927, '2020-01-09', ' testo di prova ', 1),
(650, 'luchetto', -1232, '2022-08-19', ' testo di prova ', 1),
(651, 'pippa', 1846, '2023-03-15', ' testo di prova ', 4),
(652, 'luchetto', -1697, '2022-10-07', ' testo di prova ', 4),
(653, 'luchetto', -102, '2022-05-22', ' testo di prova ', 1),
(654, 'pippa', -645, '2022-02-27', ' testo di prova ', 1),
(655, 'luchetto', 1252, '2023-07-20', ' testo di prova ', 3),
(656, 'pippa', -1856, '2020-10-18', ' testo di prova ', 4),
(657, 'luchetto', 374, '2022-01-18', ' testo di prova ', 2),
(658, 'accaicedtea', 915, '2020-01-14', ' testo di prova ', 4),
(659, 'pippa', -908, '2023-11-13', ' testo di prova ', 2),
(660, 'pippa', 1164, '2020-10-11', ' testo di prova ', 4),
(661, 'pippa', -139, '2020-01-08', ' testo di prova ', 5),
(662, 'accaicedtea', 428, '2022-04-12', ' testo di prova ', 4),
(663, 'accaicedtea', 1763, '2020-08-21', ' testo di prova ', 3),
(664, 'luchetto', 1494, '2020-06-11', ' testo di prova ', 5),
(665, 'luchetto', -1051, '2022-04-11', ' testo di prova ', 2),
(666, 'luchetto', -1571, '2021-04-12', ' testo di prova ', 5),
(667, 'accaicedtea', -892, '2022-01-10', ' testo di prova ', 2),
(668, 'pippa', -1571, '2020-09-10', ' testo di prova ', 4),
(669, 'pippa', 1930, '2021-05-10', ' testo di prova ', 5),
(670, 'accaicedtea', -31, '2023-02-09', ' testo di prova ', 1),
(671, 'luchetto', -479, '2020-10-01', ' testo di prova ', 4),
(672, 'pippa', -691, '2020-05-20', ' testo di prova ', 2),
(673, 'accaicedtea', 859, '2022-12-19', ' testo di prova ', 1),
(674, 'luchetto', -685, '2022-10-22', ' testo di prova ', 4),
(675, 'luchetto', 1446, '2022-02-07', ' testo di prova ', 5),
(676, 'accaicedtea', 518, '2021-03-08', ' testo di prova ', 2),
(677, 'accaicedtea', -21, '2021-06-08', ' testo di prova ', 2),
(678, 'luchetto', -1279, '2021-06-13', ' testo di prova ', 5),
(679, 'pippa', 95, '2022-04-09', ' testo di prova ', 1),
(680, 'pippa', -1988, '2021-09-20', ' testo di prova ', 1),
(681, 'luchetto', 283, '2022-05-11', ' testo di prova ', 4),
(682, 'pippa', 874, '2023-02-14', ' testo di prova ', 2),
(683, 'pippa', 1732, '2021-09-27', ' testo di prova ', 3),
(684, 'pippa', -974, '2021-01-14', ' testo di prova ', 1),
(685, 'luchetto', -1799, '2020-12-04', ' testo di prova ', 5),
(686, 'luchetto', 1259, '2021-02-17', ' testo di prova ', 4),
(687, 'luchetto', 248, '2020-01-23', ' testo di prova ', 2),
(688, 'accaicedtea', -100, '2020-02-07', ' testo di prova ', 3),
(689, 'pippa', -1846, '2021-05-17', ' testo di prova ', 1),
(690, 'luchetto', -701, '2020-03-14', ' testo di prova ', 4),
(691, 'luchetto', -141, '2022-02-26', ' testo di prova ', 3),
(692, 'luchetto', 1623, '2022-07-17', ' testo di prova ', 5),
(693, 'pippa', 1385, '2020-07-02', ' testo di prova ', 1),
(694, 'pippa', -1431, '2020-01-05', ' testo di prova ', 4),
(695, 'accaicedtea', -606, '2023-09-12', ' testo di prova ', 1),
(696, 'pippa', -832, '2021-12-10', ' testo di prova ', 3),
(697, 'luchetto', 226, '2021-11-17', ' testo di prova ', 3),
(698, 'accaicedtea', -1392, '2023-06-20', ' testo di prova ', 1),
(699, 'accaicedtea', -1565, '2023-04-26', ' testo di prova ', 5),
(700, 'luchetto', -1477, '2023-12-02', ' testo di prova ', 5),
(701, 'accaicedtea', -289, '2020-05-11', ' testo di prova ', 1),
(702, 'accaicedtea', -287, '2023-08-26', ' testo di prova ', 1),
(703, 'pippa', -1514, '2023-02-26', ' testo di prova ', 1),
(704, 'luchetto', 503, '2023-03-14', ' testo di prova ', 4),
(705, 'pippa', 1722, '2021-07-28', ' testo di prova ', 2),
(706, 'pippa', -1408, '2020-04-20', ' testo di prova ', 3),
(707, 'accaicedtea', -1289, '2020-12-23', ' testo di prova ', 2),
(708, 'accaicedtea', -1686, '2021-07-07', ' testo di prova ', 2),
(709, 'luchetto', -1011, '2023-04-20', ' testo di prova ', 4),
(710, 'luchetto', 62, '2021-01-11', ' testo di prova ', 1),
(711, 'pippa', 1724, '2023-03-04', ' testo di prova ', 1),
(712, 'accaicedtea', 645, '2022-11-13', ' testo di prova ', 2),
(713, 'accaicedtea', 1579, '2021-05-01', ' testo di prova ', 2),
(714, 'luchetto', 1248, '2023-03-05', ' testo di prova ', 2),
(715, 'luchetto', -694, '2022-08-05', ' testo di prova ', 3),
(716, 'pippa', -808, '2020-07-10', ' testo di prova ', 3),
(717, 'luchetto', 558, '2023-01-26', ' testo di prova ', 4),
(718, 'luchetto', -895, '2021-11-18', ' testo di prova ', 1),
(719, 'accaicedtea', -1729, '2021-09-08', ' testo di prova ', 3),
(720, 'accaicedtea', 1531, '2021-05-01', ' testo di prova ', 5),
(721, 'luchetto', 1855, '2020-04-08', ' testo di prova ', 1),
(722, 'accaicedtea', 895, '2021-12-10', ' testo di prova ', 2),
(723, 'pippa', 231, '2022-01-17', ' testo di prova ', 5),
(724, 'luchetto', 119, '2020-09-03', ' testo di prova ', 5),
(725, 'pippa', -1387, '2020-10-15', ' testo di prova ', 1),
(726, 'luchetto', 339, '2021-09-23', ' testo di prova ', 2),
(727, 'accaicedtea', -983, '2020-06-11', ' testo di prova ', 4),
(728, 'pippa', 739, '2023-02-12', ' testo di prova ', 1),
(729, 'luchetto', -90, '2023-02-03', ' testo di prova ', 1),
(730, 'pippa', -732, '2021-05-22', ' testo di prova ', 4),
(731, 'luchetto', -896, '2022-10-09', ' testo di prova ', 5),
(732, 'luchetto', 781, '2021-11-16', ' testo di prova ', 5),
(733, 'pippa', -1036, '2022-07-22', ' testo di prova ', 5),
(734, 'luchetto', 932, '2021-04-01', ' testo di prova ', 3),
(735, 'accaicedtea', -1518, '2022-05-10', ' testo di prova ', 4),
(736, 'luchetto', 342, '2020-01-21', ' testo di prova ', 2),
(737, 'luchetto', -685, '2023-12-03', ' testo di prova ', 5),
(738, 'luchetto', 924, '2021-08-19', ' testo di prova ', 1),
(739, 'pippa', 1980, '2020-07-15', ' testo di prova ', 5),
(740, 'luchetto', -1642, '2020-07-07', ' testo di prova ', 2),
(741, 'accaicedtea', 1719, '2021-08-08', ' testo di prova ', 5),
(742, 'pippa', 44, '2023-05-25', ' testo di prova ', 2),
(743, 'accaicedtea', -351, '2021-01-06', ' testo di prova ', 1),
(744, 'luchetto', -1853, '2022-11-13', ' testo di prova ', 5),
(745, 'accaicedtea', 50, '2023-04-11', 'desc', 5),
(745, 'pippa', 1273, '2023-11-10', ' testo di prova ', 3),
(746, 'accaicedtea', 1220, '2020-12-21', ' testo di prova ', 4),
(747, 'luchetto', -1088, '2020-11-16', ' testo di prova ', 3),
(748, 'luchetto', -405, '2021-04-21', ' testo di prova ', 1),
(749, 'pippa', -1192, '2022-07-19', ' testo di prova ', 5),
(750, 'luchetto', -576, '2022-04-05', ' testo di prova ', 2),
(751, 'accaicedtea', -1024, '2021-09-28', ' testo di prova ', 3),
(752, 'luchetto', 1236, '2020-08-23', ' testo di prova ', 3),
(753, 'accaicedtea', -996, '2021-02-17', ' testo di prova ', 1),
(754, 'accaicedtea', 781, '2022-08-23', ' testo di prova ', 4),
(755, 'accaicedtea', 1355, '2022-05-12', ' testo di prova ', 2),
(756, 'pippa', -1221, '2022-02-27', ' testo di prova ', 5),
(757, 'luchetto', 1063, '2020-01-11', ' testo di prova ', 1),
(758, 'accaicedtea', -762, '2023-07-25', ' testo di prova ', 2),
(759, 'accaicedtea', -604, '2020-12-06', ' testo di prova ', 4),
(760, 'luchetto', 297, '2022-12-01', ' testo di prova ', 4),
(761, 'luchetto', -851, '2023-12-18', ' testo di prova ', 5),
(762, 'accaicedtea', 521, '2023-10-18', ' testo di prova ', 1),
(763, 'luchetto', 1288, '2023-03-24', ' testo di prova ', 3),
(764, 'accaicedtea', 1995, '2020-01-26', ' testo di prova ', 2),
(765, 'accaicedtea', 1932, '2022-04-20', ' testo di prova ', 1),
(766, 'luchetto', 247, '2021-11-20', ' testo di prova ', 1),
(767, 'accaicedtea', 1745, '2021-09-20', ' testo di prova ', 3),
(768, 'luchetto', 143, '2021-02-05', ' testo di prova ', 4),
(769, 'luchetto', 685, '2020-10-09', ' testo di prova ', 5),
(770, 'pippa', 876, '2022-11-18', ' testo di prova ', 1),
(771, 'luchetto', 139, '2021-10-01', ' testo di prova ', 3),
(772, 'pippa', 338, '2021-07-09', ' testo di prova ', 1),
(773, 'accaicedtea', -848, '2021-09-22', ' testo di prova ', 1),
(774, 'pippa', -874, '2023-03-10', ' testo di prova ', 1),
(775, 'luchetto', -1023, '2020-07-21', ' testo di prova ', 3),
(776, 'accaicedtea', -9, '2021-07-16', ' testo di prova ', 3),
(777, 'luchetto', 1423, '2020-03-05', ' testo di prova ', 5),
(778, 'accaicedtea', 363, '2020-01-20', ' testo di prova ', 2),
(779, 'pippa', -1878, '2021-04-10', ' testo di prova ', 5),
(780, 'pippa', 139, '2021-06-24', ' testo di prova ', 3),
(781, 'pippa', -255, '2022-12-14', ' testo di prova ', 5),
(782, 'accaicedtea', -895, '2021-12-25', ' testo di prova ', 2),
(783, 'luchetto', -710, '2023-09-14', ' testo di prova ', 4),
(784, 'luchetto', 662, '2022-04-15', ' testo di prova ', 5),
(785, 'accaicedtea', -1764, '2020-03-20', ' testo di prova ', 5),
(786, 'accaicedtea', 1028, '2020-07-03', ' testo di prova ', 5),
(787, 'luchetto', -318, '2020-09-14', ' testo di prova ', 1),
(788, 'pippa', -1516, '2022-05-28', ' testo di prova ', 5),
(789, 'pippa', 839, '2020-03-12', ' testo di prova ', 5),
(790, 'accaicedtea', -1072, '2020-06-15', ' testo di prova ', 2),
(791, 'luchetto', -957, '2021-10-19', ' testo di prova ', 4),
(792, 'pippa', 814, '2022-12-24', ' testo di prova ', 1),
(793, 'pippa', 650, '2022-05-14', ' testo di prova ', 2),
(794, 'luchetto', 651, '2022-05-12', ' testo di prova ', 2),
(795, 'accaicedtea', 1610, '2023-09-15', ' testo di prova ', 2),
(796, 'pippa', -591, '2023-02-20', ' testo di prova ', 2),
(797, 'accaicedtea', 1429, '2021-06-04', ' testo di prova ', 5),
(798, 'pippa', -954, '2020-01-05', ' testo di prova ', 5),
(799, 'luchetto', 1012, '2021-05-09', ' testo di prova ', 4),
(800, 'pippa', -497, '2022-06-07', ' testo di prova ', 3),
(801, 'accaicedtea', -1644, '2023-06-24', ' testo di prova ', 5),
(802, 'accaicedtea', -1032, '2020-03-17', ' testo di prova ', 1),
(803, 'luchetto', -1383, '2022-10-17', ' testo di prova ', 3),
(804, 'luchetto', -1961, '2020-01-19', ' testo di prova ', 2),
(805, 'accaicedtea', -1575, '2020-02-23', ' testo di prova ', 4),
(806, 'luchetto', -33, '2020-08-02', ' testo di prova ', 2),
(807, 'luchetto', 308, '2020-02-06', ' testo di prova ', 3),
(808, 'luchetto', 766, '2021-11-22', ' testo di prova ', 3),
(809, 'accaicedtea', -1430, '2023-10-17', ' testo di prova ', 4),
(810, 'accaicedtea', 1247, '2020-09-10', ' testo di prova ', 4),
(811, 'luchetto', -1276, '2020-06-23', ' testo di prova ', 3),
(812, 'luchetto', -1403, '2022-10-03', ' testo di prova ', 5),
(813, 'luchetto', -502, '2023-08-25', ' testo di prova ', 2),
(814, 'luchetto', 1750, '2022-04-03', ' testo di prova ', 1),
(815, 'pippa', 424, '2021-03-08', ' testo di prova ', 3),
(816, 'luchetto', 1286, '2021-08-23', ' testo di prova ', 3),
(817, 'luchetto', 882, '2021-07-28', ' testo di prova ', 2),
(818, 'luchetto', -818, '2021-07-12', ' testo di prova ', 4),
(819, 'luchetto', 70, '2021-09-06', ' testo di prova ', 4),
(820, 'accaicedtea', 1033, '2023-01-20', ' testo di prova ', 2),
(821, 'luchetto', -1745, '2023-09-21', ' testo di prova ', 1),
(822, 'luchetto', -889, '2021-01-24', ' testo di prova ', 3),
(823, 'luchetto', 1315, '2020-12-28', ' testo di prova ', 3),
(824, 'luchetto', -46, '2022-07-24', ' testo di prova ', 3),
(825, 'pippa', 670, '2022-02-24', ' testo di prova ', 3),
(826, 'luchetto', 1795, '2022-10-08', ' testo di prova ', 1),
(827, 'luchetto', -249, '2022-11-17', ' testo di prova ', 3),
(828, 'luchetto', -1532, '2022-12-15', ' testo di prova ', 1),
(829, 'accaicedtea', 962, '2021-01-15', ' testo di prova ', 2),
(830, 'luchetto', -1624, '2021-04-21', ' testo di prova ', 5),
(831, 'pippa', 1108, '2023-06-02', ' testo di prova ', 2),
(832, 'luchetto', 795, '2023-10-03', ' testo di prova ', 5);
INSERT INTO `spesa` (`id`, `utente`, `importo`, `data`, `descrizione`, `categoria`) VALUES
(833, 'pippa', -1590, '2023-03-07', ' testo di prova ', 2),
(834, 'pippa', 637, '2021-10-22', ' testo di prova ', 3),
(835, 'accaicedtea', 1903, '2022-11-17', ' testo di prova ', 3),
(836, 'luchetto', -903, '2022-06-05', ' testo di prova ', 4),
(837, 'luchetto', -486, '2023-11-08', ' testo di prova ', 5),
(838, 'luchetto', -780, '2021-05-26', ' testo di prova ', 3),
(839, 'accaicedtea', 764, '2021-02-20', ' testo di prova ', 1),
(840, 'pippa', -107, '2023-01-15', ' testo di prova ', 2),
(841, 'luchetto', -377, '2021-09-07', ' testo di prova ', 4),
(842, 'pippa', -1971, '2020-04-20', ' testo di prova ', 1),
(843, 'accaicedtea', -237, '2020-09-26', ' testo di prova ', 1),
(844, 'accaicedtea', -1780, '2022-01-23', ' testo di prova ', 5),
(845, 'pippa', 111, '2023-02-26', ' testo di prova ', 2),
(846, 'accaicedtea', -90, '2023-12-09', ' testo di prova ', 5),
(847, 'pippa', 1988, '2021-01-08', ' testo di prova ', 2),
(848, 'luchetto', -10, '2020-07-28', ' testo di prova ', 2),
(849, 'pippa', 1263, '2022-02-15', ' testo di prova ', 3),
(850, 'accaicedtea', 1165, '2020-02-21', ' testo di prova ', 4),
(851, 'accaicedtea', -1382, '2022-02-02', ' testo di prova ', 3),
(852, 'pippa', -299, '2020-03-24', ' testo di prova ', 3),
(853, 'pippa', -364, '2023-07-05', ' testo di prova ', 5),
(854, 'pippa', -161, '2023-02-06', ' testo di prova ', 5),
(855, 'luchetto', 1984, '2021-01-17', ' testo di prova ', 4),
(856, 'pippa', -578, '2021-04-02', ' testo di prova ', 1),
(857, 'accaicedtea', 346, '2022-09-19', ' testo di prova ', 1),
(858, 'pippa', -1829, '2023-09-25', ' testo di prova ', 1),
(859, 'pippa', 1925, '2022-02-18', ' testo di prova ', 2),
(860, 'accaicedtea', 170, '2022-07-07', ' testo di prova ', 4),
(861, 'pippa', 310, '2021-08-07', ' testo di prova ', 1),
(862, 'accaicedtea', -1309, '2021-07-09', ' testo di prova ', 4),
(863, 'pippa', 612, '2022-06-28', ' testo di prova ', 5),
(864, 'accaicedtea', 791, '2020-08-11', ' testo di prova ', 5),
(865, 'pippa', -814, '2021-08-12', ' testo di prova ', 3),
(866, 'accaicedtea', 1577, '2023-08-16', ' testo di prova ', 3),
(867, 'accaicedtea', -1764, '2021-04-15', ' testo di prova ', 5),
(868, 'luchetto', -1960, '2023-04-08', ' testo di prova ', 3),
(869, 'pippa', 919, '2021-06-17', ' testo di prova ', 3),
(870, 'luchetto', 865, '2023-02-24', ' testo di prova ', 1),
(871, 'pippa', -268, '2022-04-22', ' testo di prova ', 3),
(872, 'accaicedtea', -6, '2021-02-02', ' testo di prova ', 3),
(873, 'accaicedtea', 758, '2022-05-06', ' testo di prova ', 5),
(874, 'accaicedtea', -824, '2022-04-18', ' testo di prova ', 3),
(875, 'luchetto', 1817, '2021-08-23', ' testo di prova ', 3),
(876, 'luchetto', 1833, '2021-10-07', ' testo di prova ', 2),
(877, 'luchetto', -304, '2020-05-24', ' testo di prova ', 3),
(878, 'accaicedtea', 1376, '2020-02-24', ' testo di prova ', 1),
(879, 'pippa', 1863, '2021-01-01', ' testo di prova ', 1),
(880, 'luchetto', 329, '2022-11-14', ' testo di prova ', 1),
(881, 'pippa', 1818, '2022-06-20', ' testo di prova ', 4),
(882, 'accaicedtea', -229, '2023-07-07', ' testo di prova ', 5),
(883, 'luchetto', -129, '2020-05-17', ' testo di prova ', 1),
(884, 'accaicedtea', 1968, '2020-03-16', ' testo di prova ', 4),
(885, 'pippa', -1190, '2021-07-20', ' testo di prova ', 3),
(886, 'pippa', 993, '2021-12-07', ' testo di prova ', 1),
(887, 'pippa', -1080, '2023-08-15', ' testo di prova ', 5),
(888, 'pippa', 1131, '2022-09-12', ' testo di prova ', 2),
(889, 'accaicedtea', 510, '2023-03-25', ' testo di prova ', 4),
(890, 'accaicedtea', -1739, '2022-01-01', ' testo di prova ', 3),
(891, 'accaicedtea', -1277, '2023-11-28', ' testo di prova ', 4),
(892, 'pippa', -224, '2021-03-26', ' testo di prova ', 5),
(893, 'accaicedtea', 271, '2022-05-06', ' testo di prova ', 1),
(894, 'pippa', 978, '2023-10-20', ' testo di prova ', 1),
(895, 'pippa', -49, '2022-12-25', ' testo di prova ', 3),
(896, 'accaicedtea', 1855, '2020-10-16', ' testo di prova ', 4),
(897, 'accaicedtea', -448, '2021-01-16', ' testo di prova ', 4),
(898, 'luchetto', 238, '2022-02-13', ' testo di prova ', 4),
(899, 'accaicedtea', 765, '2022-10-04', ' testo di prova ', 3),
(900, 'pippa', -958, '2020-06-20', ' testo di prova ', 1),
(901, 'pippa', -151, '2020-12-15', ' testo di prova ', 2),
(902, 'pippa', -829, '2022-01-22', ' testo di prova ', 2),
(903, 'accaicedtea', -621, '2022-09-19', ' testo di prova ', 2),
(904, 'pippa', 1046, '2022-07-19', ' testo di prova ', 2),
(905, 'luchetto', -528, '2022-05-13', ' testo di prova ', 1),
(906, 'accaicedtea', -367, '2021-07-01', ' testo di prova ', 2),
(907, 'luchetto', -1856, '2022-04-27', ' testo di prova ', 4),
(908, 'accaicedtea', 242, '2021-06-17', ' testo di prova ', 5),
(909, 'luchetto', 1381, '2021-01-09', ' testo di prova ', 1),
(910, 'accaicedtea', -1120, '2021-10-15', ' testo di prova ', 3),
(911, 'pippa', 1728, '2021-05-12', ' testo di prova ', 3),
(912, 'pippa', -990, '2020-06-15', ' testo di prova ', 5),
(913, 'luchetto', 1844, '2022-12-04', ' testo di prova ', 2),
(914, 'luchetto', 327, '2022-07-02', ' testo di prova ', 5),
(915, 'accaicedtea', -1412, '2022-09-14', ' testo di prova ', 3),
(916, 'pippa', 456, '2021-08-24', ' testo di prova ', 2),
(917, 'accaicedtea', 1107, '2021-08-04', ' testo di prova ', 3),
(918, 'accaicedtea', 676, '2023-08-10', ' testo di prova ', 4),
(919, 'pippa', -442, '2022-12-05', ' testo di prova ', 4),
(920, 'accaicedtea', -514, '2022-06-12', ' testo di prova ', 5),
(921, 'accaicedtea', 1225, '2021-03-14', ' testo di prova ', 4),
(922, 'accaicedtea', 1841, '2021-07-21', ' testo di prova ', 1),
(923, 'luchetto', 293, '2023-09-12', ' testo di prova ', 4),
(924, 'accaicedtea', 948, '2020-12-05', ' testo di prova ', 4),
(925, 'luchetto', -910, '2020-12-26', ' testo di prova ', 4),
(926, 'pippa', -1591, '2022-03-12', ' testo di prova ', 2),
(927, 'luchetto', -977, '2021-10-14', ' testo di prova ', 4),
(928, 'accaicedtea', -145, '2020-09-15', ' testo di prova ', 5),
(929, 'pippa', 1775, '2023-12-28', ' testo di prova ', 2),
(930, 'accaicedtea', -668, '2023-12-24', ' testo di prova ', 5),
(931, 'accaicedtea', -751, '2022-09-11', ' testo di prova ', 2),
(932, 'accaicedtea', -54, '2020-12-14', ' testo di prova ', 5),
(933, 'pippa', -1908, '2021-03-26', ' testo di prova ', 4),
(934, 'accaicedtea', -965, '2022-12-11', ' testo di prova ', 5),
(935, 'luchetto', -1552, '2022-10-22', ' testo di prova ', 2),
(936, 'luchetto', -1559, '2023-08-15', ' testo di prova ', 4),
(937, 'pippa', 1073, '2021-06-18', ' testo di prova ', 2),
(938, 'accaicedtea', -329, '2020-04-08', ' testo di prova ', 2),
(939, 'pippa', -1557, '2022-09-17', ' testo di prova ', 3),
(940, 'pippa', 1016, '2023-07-22', ' testo di prova ', 4),
(941, 'pippa', -1699, '2023-08-10', ' testo di prova ', 5),
(942, 'accaicedtea', 941, '2023-03-23', ' testo di prova ', 5),
(943, 'luchetto', -680, '2023-01-24', ' testo di prova ', 3),
(944, 'accaicedtea', 1455, '2022-08-14', ' testo di prova ', 3),
(945, 'pippa', -833, '2023-12-23', ' testo di prova ', 2),
(946, 'luchetto', 904, '2023-07-01', ' testo di prova ', 4),
(947, 'pippa', 307, '2020-06-14', ' testo di prova ', 1),
(948, 'pippa', 1199, '2021-09-01', ' testo di prova ', 1),
(949, 'luchetto', -335, '2021-06-05', ' testo di prova ', 4),
(950, 'accaicedtea', 54, '2023-10-16', ' testo di prova ', 4),
(951, 'luchetto', 1473, '2021-01-27', ' testo di prova ', 5),
(952, 'pippa', -120, '2023-06-08', ' testo di prova ', 4),
(953, 'accaicedtea', -1814, '2022-11-05', ' testo di prova ', 4),
(954, 'accaicedtea', -1732, '2021-12-18', ' testo di prova ', 5),
(955, 'accaicedtea', 1198, '2022-12-13', ' testo di prova ', 1),
(956, 'pippa', -1114, '2021-03-17', ' testo di prova ', 3),
(957, 'luchetto', 93, '2023-12-27', ' testo di prova ', 1),
(958, 'accaicedtea', -805, '2021-10-22', ' testo di prova ', 3),
(959, 'accaicedtea', 1658, '2020-11-15', ' testo di prova ', 5),
(960, 'accaicedtea', -1276, '2021-08-26', ' testo di prova ', 2),
(961, 'accaicedtea', -450, '2022-12-01', ' testo di prova ', 4),
(962, 'luchetto', -374, '2023-01-21', ' testo di prova ', 4),
(963, 'accaicedtea', -822, '2023-04-07', ' testo di prova ', 3),
(964, 'luchetto', -591, '2022-03-25', ' testo di prova ', 4),
(965, 'pippa', -1319, '2021-06-25', ' testo di prova ', 4),
(966, 'pippa', -1050, '2020-05-03', ' testo di prova ', 4),
(967, 'pippa', -1298, '2020-11-04', ' testo di prova ', 5),
(968, 'accaicedtea', 271, '2022-06-12', ' testo di prova ', 5),
(969, 'accaicedtea', -1712, '2022-11-27', ' testo di prova ', 5),
(970, 'accaicedtea', 1137, '2023-08-08', ' testo di prova ', 2),
(971, 'luchetto', -251, '2022-12-18', ' testo di prova ', 5),
(972, 'luchetto', -487, '2021-08-09', ' testo di prova ', 2),
(973, 'accaicedtea', 209, '2022-02-27', ' testo di prova ', 3),
(974, 'luchetto', -1283, '2020-06-15', ' testo di prova ', 1),
(975, 'accaicedtea', 271, '2023-12-12', ' testo di prova ', 1),
(976, 'luchetto', -54, '2023-08-13', ' testo di prova ', 2),
(977, 'accaicedtea', -1210, '2023-04-16', ' testo di prova ', 2),
(978, 'pippa', 1179, '2022-09-21', ' testo di prova ', 4),
(979, 'accaicedtea', -218, '2021-03-21', ' testo di prova ', 3),
(980, 'luchetto', 1916, '2022-03-19', ' testo di prova ', 1),
(981, 'luchetto', 803, '2022-05-11', ' testo di prova ', 1),
(982, 'pippa', -372, '2021-06-03', ' testo di prova ', 2),
(983, 'pippa', 1180, '2022-06-26', ' testo di prova ', 5),
(984, 'accaicedtea', 258, '2022-05-23', ' testo di prova ', 4),
(985, 'accaicedtea', -375, '2021-06-06', ' testo di prova ', 4),
(986, 'luchetto', -1521, '2022-11-15', ' testo di prova ', 3),
(987, 'luchetto', 105, '2022-01-12', ' testo di prova ', 2),
(988, 'accaicedtea', 228, '2021-08-08', ' testo di prova ', 5),
(989, 'luchetto', -1718, '2021-04-04', ' testo di prova ', 4),
(990, 'accaicedtea', 1259, '2023-10-14', ' testo di prova ', 5),
(991, 'luchetto', -372, '2020-04-06', ' testo di prova ', 2),
(992, 'luchetto', -1926, '2021-03-25', ' testo di prova ', 2),
(993, 'luchetto', -1425, '2023-06-02', ' testo di prova ', 2),
(994, 'luchetto', -575, '2022-05-01', ' testo di prova ', 3),
(995, 'accaicedtea', -1271, '2020-11-01', ' testo di prova ', 5),
(996, 'luchetto', -464, '2022-10-22', ' testo di prova ', 5),
(997, 'pippa', -1399, '2022-09-27', ' testo di prova ', 4),
(998, 'pippa', 1129, '2022-05-28', ' testo di prova ', 2),
(999, 'luchetto', -638, '2023-12-06', ' testo di prova ', 4),
(1000, 'luchetto', 718, '2023-07-01', ' testo di prova ', 1),
(1001, 'luchetto', -459, '2022-12-04', ' testo di prova ', 1),
(1002, 'accaicedtea', -815, '2020-05-17', ' testo di prova ', 3),
(1003, 'accaicedtea', 1821, '2023-02-10', ' testo di prova ', 5),
(1004, 'accaicedtea', 1566, '2022-04-19', ' testo di prova ', 1),
(1005, 'accaicedtea', -1574, '2021-08-28', ' testo di prova ', 5),
(1006, 'luchetto', 1251, '2020-06-13', ' testo di prova ', 2),
(1007, 'luchetto', -428, '2021-03-19', ' testo di prova ', 5),
(1008, 'pippa', -1782, '2020-03-20', ' testo di prova ', 2),
(1009, 'pippa', 1406, '2023-02-18', ' testo di prova ', 2),
(1010, 'pippa', 762, '2023-10-23', ' testo di prova ', 5),
(1011, 'accaicedtea', 674, '2021-07-20', ' testo di prova ', 5),
(1012, 'pippa', 1767, '2021-11-26', ' testo di prova ', 1),
(1013, 'accaicedtea', -697, '2023-11-17', ' testo di prova ', 2),
(1014, 'pippa', 946, '2022-08-05', ' testo di prova ', 4),
(1015, 'accaicedtea', -1508, '2020-10-16', ' testo di prova ', 1),
(1016, 'luchetto', -1619, '2023-10-21', ' testo di prova ', 5),
(1017, 'accaicedtea', 841, '2020-08-11', ' testo di prova ', 4),
(1018, 'pippa', -1418, '2023-01-25', ' testo di prova ', 2),
(1019, 'accaicedtea', -1110, '2020-07-05', ' testo di prova ', 4),
(1020, 'luchetto', -453, '2020-08-26', ' testo di prova ', 3),
(1021, 'pippa', -1653, '2023-12-28', ' testo di prova ', 2),
(1022, 'pippa', 474, '2020-06-19', ' testo di prova ', 3),
(1023, 'accaicedtea', 1972, '2023-04-11', ' testo di prova ', 3),
(1024, 'luchetto', 1872, '2020-07-03', ' testo di prova ', 3),
(1025, 'pippa', -1911, '2022-11-03', ' testo di prova ', 4),
(1026, 'accaicedtea', 1690, '2020-06-04', ' testo di prova ', 4),
(1027, 'pippa', 996, '2021-03-23', ' testo di prova ', 1),
(1028, 'accaicedtea', -190, '2020-04-04', ' testo di prova ', 5),
(1029, 'luchetto', -516, '2023-10-20', ' testo di prova ', 3),
(1030, 'pippa', 1870, '2020-04-25', ' testo di prova ', 1),
(1031, 'pippa', -988, '2021-01-01', ' testo di prova ', 5),
(1032, 'accaicedtea', -1953, '2023-09-08', ' testo di prova ', 3),
(1033, 'accaicedtea', -1257, '2020-11-19', ' testo di prova ', 3),
(1034, 'pippa', 405, '2022-11-26', ' testo di prova ', 2),
(1035, 'pippa', 328, '2022-03-18', ' testo di prova ', 1),
(1036, 'accaicedtea', 1659, '2022-12-10', ' testo di prova ', 4),
(1037, 'accaicedtea', 1130, '2020-06-24', ' testo di prova ', 2),
(1038, 'accaicedtea', -210, '2020-06-15', ' testo di prova ', 4),
(1039, 'luchetto', -18, '2023-10-21', ' testo di prova ', 5),
(1040, 'pippa', -605, '2021-06-04', ' testo di prova ', 5),
(1041, 'pippa', 497, '2021-04-24', ' testo di prova ', 5),
(1042, 'luchetto', 1413, '2020-06-14', ' testo di prova ', 4),
(1043, 'luchetto', 1494, '2022-10-18', ' testo di prova ', 3),
(1044, 'luchetto', -303, '2022-09-17', ' testo di prova ', 4),
(1045, 'luchetto', -300, '2020-08-01', ' testo di prova ', 2),
(1046, 'accaicedtea', 538, '2022-04-27', ' testo di prova ', 5),
(1047, 'pippa', -972, '2023-06-02', ' testo di prova ', 1),
(1048, 'accaicedtea', 49, '2023-01-09', ' testo di prova ', 2),
(1049, 'luchetto', 1153, '2020-04-27', ' testo di prova ', 2),
(1050, 'accaicedtea', 722, '2020-04-18', ' testo di prova ', 3),
(1051, 'pippa', -1397, '2020-06-07', ' testo di prova ', 3),
(1052, 'luchetto', -1550, '2020-07-17', ' testo di prova ', 1),
(1053, 'pippa', -343, '2022-02-19', ' testo di prova ', 5),
(1054, 'luchetto', 1583, '2022-11-13', ' testo di prova ', 4),
(1055, 'pippa', 1603, '2022-07-07', ' testo di prova ', 1),
(1056, 'accaicedtea', 1614, '2021-07-09', ' testo di prova ', 2),
(1057, 'luchetto', -90, '2022-10-06', ' testo di prova ', 2),
(1058, 'luchetto', -1489, '2021-02-05', ' testo di prova ', 4),
(1059, 'luchetto', -943, '2021-04-26', ' testo di prova ', 5),
(1060, 'pippa', -477, '2021-09-22', ' testo di prova ', 2),
(1061, 'accaicedtea', 498, '2020-08-15', ' testo di prova ', 1),
(1062, 'luchetto', -953, '2022-12-20', ' testo di prova ', 1),
(1063, 'accaicedtea', 1723, '2021-11-07', ' testo di prova ', 5),
(1064, 'luchetto', 1419, '2020-07-20', ' testo di prova ', 5),
(1065, 'accaicedtea', 724, '2020-12-14', ' testo di prova ', 2),
(1066, 'pippa', -364, '2020-11-15', ' testo di prova ', 2),
(1067, 'luchetto', 1731, '2021-09-07', ' testo di prova ', 1),
(1068, 'luchetto', -544, '2023-06-27', ' testo di prova ', 2),
(1069, 'accaicedtea', -1960, '2022-12-03', ' testo di prova ', 3),
(1070, 'accaicedtea', 593, '2020-09-10', ' testo di prova ', 3),
(1071, 'accaicedtea', -1660, '2020-02-13', ' testo di prova ', 5),
(1072, 'luchetto', 476, '2023-01-07', ' testo di prova ', 3),
(1073, 'accaicedtea', -1672, '2022-05-10', ' testo di prova ', 5),
(1074, 'luchetto', 6, '2021-09-19', ' testo di prova ', 1),
(1075, 'accaicedtea', 1240, '2020-03-23', ' testo di prova ', 1),
(1076, 'pippa', -1820, '2020-02-19', ' testo di prova ', 1),
(1077, 'pippa', -563, '2023-09-12', ' testo di prova ', 1),
(1078, 'accaicedtea', 952, '2022-02-05', ' testo di prova ', 4),
(1079, 'luchetto', -1338, '2021-03-03', ' testo di prova ', 3),
(1080, 'luchetto', -108, '2023-07-06', ' testo di prova ', 1),
(1081, 'pippa', -1579, '2021-04-10', ' testo di prova ', 4),
(1082, 'luchetto', -631, '2022-11-17', ' testo di prova ', 4),
(1083, 'accaicedtea', 909, '2021-02-11', ' testo di prova ', 1),
(1084, 'pippa', -1780, '2021-04-17', ' testo di prova ', 4),
(1085, 'accaicedtea', -520, '2022-02-18', ' testo di prova ', 1),
(1086, 'pippa', 815, '2021-01-20', ' testo di prova ', 4),
(1087, 'accaicedtea', -598, '2022-01-24', ' testo di prova ', 1),
(1088, 'luchetto', -193, '2021-01-17', ' testo di prova ', 3),
(1089, 'luchetto', -1248, '2020-01-08', ' testo di prova ', 2),
(1090, 'luchetto', -1211, '2022-01-22', ' testo di prova ', 1),
(1091, 'luchetto', 379, '2023-09-02', ' testo di prova ', 5),
(1092, 'accaicedtea', -1378, '2023-02-20', ' testo di prova ', 3),
(1093, 'accaicedtea', -1331, '2020-09-19', ' testo di prova ', 2),
(1094, 'accaicedtea', -1213, '2021-02-11', ' testo di prova ', 3),
(1095, 'luchetto', -1722, '2023-09-26', ' testo di prova ', 5),
(1096, 'luchetto', 896, '2023-05-10', ' testo di prova ', 2),
(1097, 'pippa', 974, '2022-09-14', ' testo di prova ', 4),
(1098, 'luchetto', 1009, '2022-03-11', ' testo di prova ', 1),
(1099, 'pippa', -1911, '2022-06-09', ' testo di prova ', 4),
(1100, 'pippa', -1970, '2023-01-07', ' testo di prova ', 5),
(1101, 'luchetto', -95, '2021-05-21', ' testo di prova ', 1),
(1102, 'accaicedtea', 615, '2023-04-01', ' testo di prova ', 1),
(1103, 'luchetto', 1512, '2023-05-17', ' testo di prova ', 4),
(1104, 'accaicedtea', 897, '2020-07-14', ' testo di prova ', 1),
(1105, 'pippa', 936, '2022-06-24', ' testo di prova ', 5),
(1106, 'pippa', 964, '2023-08-07', ' testo di prova ', 1),
(1107, 'pippa', -863, '2022-07-12', ' testo di prova ', 5),
(1108, 'luchetto', 151, '2021-09-19', ' testo di prova ', 4),
(1109, 'accaicedtea', -1755, '2021-08-25', ' testo di prova ', 3),
(1110, 'pippa', -1947, '2022-11-27', ' testo di prova ', 5),
(1111, 'accaicedtea', -619, '2022-12-24', ' testo di prova ', 5),
(1112, 'luchetto', -1735, '2020-02-22', ' testo di prova ', 2),
(1113, 'luchetto', -1420, '2022-01-26', ' testo di prova ', 5),
(1114, 'pippa', -1706, '2023-10-19', ' testo di prova ', 3),
(1115, 'pippa', 834, '2020-01-14', ' testo di prova ', 3),
(1116, 'accaicedtea', -1374, '2023-03-16', ' testo di prova ', 1),
(1117, 'luchetto', -528, '2023-05-18', ' testo di prova ', 1),
(1118, 'pippa', -1929, '2023-12-27', ' testo di prova ', 3),
(1119, 'pippa', 1451, '2022-04-17', ' testo di prova ', 4),
(1120, 'accaicedtea', 1668, '2021-01-19', ' testo di prova ', 2),
(1121, 'pippa', -399, '2020-02-25', ' testo di prova ', 3),
(1122, 'accaicedtea', -1812, '2022-05-25', ' testo di prova ', 3),
(1123, 'pippa', -1587, '2020-02-24', ' testo di prova ', 4),
(1124, 'pippa', 1606, '2020-10-05', ' testo di prova ', 5),
(1125, 'luchetto', -360, '2021-10-10', ' testo di prova ', 3),
(1126, 'accaicedtea', 213, '2020-02-13', ' testo di prova ', 1),
(1127, 'luchetto', 1660, '2020-04-24', ' testo di prova ', 1),
(1128, 'luchetto', -1489, '2021-05-21', ' testo di prova ', 3),
(1129, 'luchetto', -1905, '2023-06-15', ' testo di prova ', 2),
(1130, 'pippa', 815, '2023-03-17', ' testo di prova ', 5),
(1131, 'accaicedtea', 584, '2022-06-05', ' testo di prova ', 3),
(1132, 'pippa', -267, '2023-12-24', ' testo di prova ', 5),
(1133, 'luchetto', 356, '2020-12-05', ' testo di prova ', 2),
(1134, 'luchetto', -634, '2021-09-12', ' testo di prova ', 1),
(1135, 'luchetto', -1072, '2023-04-10', ' testo di prova ', 1),
(1136, 'pippa', 715, '2020-02-08', ' testo di prova ', 4),
(1137, 'accaicedtea', 682, '2022-01-28', ' testo di prova ', 4),
(1138, 'accaicedtea', 21, '2022-01-26', ' testo di prova ', 3),
(1139, 'luchetto', -746, '2023-03-28', ' testo di prova ', 4),
(1140, 'pippa', -245, '2021-10-11', ' testo di prova ', 2),
(1141, 'pippa', -1794, '2020-07-25', ' testo di prova ', 3),
(1142, 'luchetto', -891, '2020-02-13', ' testo di prova ', 5),
(1143, 'luchetto', -710, '2023-08-15', ' testo di prova ', 1),
(1144, 'luchetto', -213, '2023-06-01', ' testo di prova ', 3),
(1145, 'luchetto', -1291, '2022-04-17', ' testo di prova ', 2),
(1146, 'luchetto', -1705, '2021-12-12', ' testo di prova ', 2),
(1147, 'accaicedtea', -253, '2023-08-17', ' testo di prova ', 1),
(1148, 'pippa', 320, '2021-08-26', ' testo di prova ', 2),
(1149, 'accaicedtea', -1082, '2021-04-09', ' testo di prova ', 3),
(1150, 'accaicedtea', -1068, '2022-02-03', ' testo di prova ', 2),
(1151, 'luchetto', -190, '2023-06-03', ' testo di prova ', 2),
(1152, 'accaicedtea', 1263, '2020-05-06', ' testo di prova ', 5),
(1153, 'accaicedtea', 413, '2020-09-07', ' testo di prova ', 2),
(1154, 'pippa', 1612, '2021-07-25', ' testo di prova ', 4),
(1155, 'pippa', -1266, '2020-12-04', ' testo di prova ', 2),
(1156, 'pippa', -236, '2022-11-24', ' testo di prova ', 2),
(1157, 'accaicedtea', -84, '2023-09-09', ' testo di prova ', 1),
(1158, 'pippa', 1834, '2020-01-14', ' testo di prova ', 2),
(1159, 'luchetto', -1045, '2020-10-19', ' testo di prova ', 1),
(1160, 'accaicedtea', 430, '2021-03-21', ' testo di prova ', 3),
(1161, 'luchetto', 403, '2022-12-17', ' testo di prova ', 1),
(1162, 'pippa', 1724, '2022-12-26', ' testo di prova ', 5),
(1163, 'luchetto', -1391, '2021-07-16', ' testo di prova ', 5),
(1164, 'luchetto', -1097, '2020-01-07', ' testo di prova ', 1),
(1165, 'pippa', 1939, '2021-08-15', ' testo di prova ', 5),
(1166, 'pippa', 1386, '2022-07-11', ' testo di prova ', 2),
(1167, 'pippa', 1286, '2021-02-20', ' testo di prova ', 5),
(1168, 'pippa', 826, '2020-11-03', ' testo di prova ', 5),
(1169, 'pippa', 1094, '2022-05-05', ' testo di prova ', 4),
(1170, 'pippa', 594, '2021-07-08', ' testo di prova ', 5),
(1171, 'luchetto', -287, '2021-07-23', ' testo di prova ', 3),
(1172, 'luchetto', 1193, '2023-03-28', ' testo di prova ', 2),
(1173, 'accaicedtea', 1938, '2021-09-19', ' testo di prova ', 2),
(1174, 'luchetto', -1287, '2022-12-11', ' testo di prova ', 1),
(1175, 'accaicedtea', 514, '2023-09-06', ' testo di prova ', 5),
(1176, 'accaicedtea', 1687, '2020-10-19', ' testo di prova ', 3),
(1177, 'luchetto', -1197, '2020-01-25', ' testo di prova ', 3),
(1178, 'luchetto', -393, '2022-07-18', ' testo di prova ', 3),
(1179, 'pippa', -1968, '2022-11-18', ' testo di prova ', 2),
(1180, 'pippa', -634, '2020-01-20', ' testo di prova ', 1),
(1181, 'luchetto', 1022, '2023-01-04', ' testo di prova ', 1),
(1182, 'accaicedtea', -909, '2021-05-11', ' testo di prova ', 1),
(1183, 'luchetto', -1831, '2022-04-25', ' testo di prova ', 3),
(1184, 'luchetto', -398, '2020-08-26', ' testo di prova ', 3),
(1185, 'luchetto', 350, '2020-12-07', ' testo di prova ', 5),
(1186, 'luchetto', -833, '2023-01-03', ' testo di prova ', 3),
(1187, 'luchetto', -1268, '2021-10-24', ' testo di prova ', 1),
(1188, 'pippa', -1439, '2023-01-08', ' testo di prova ', 2),
(1189, 'pippa', 89, '2023-09-19', ' testo di prova ', 2),
(1190, 'accaicedtea', -1004, '2023-08-02', ' testo di prova ', 4),
(1191, 'pippa', -428, '2022-08-22', ' testo di prova ', 5),
(1192, 'luchetto', -176, '2023-11-11', ' testo di prova ', 1),
(1193, 'luchetto', -1986, '2020-04-14', ' testo di prova ', 3),
(1194, 'pippa', -1587, '2022-04-02', ' testo di prova ', 3),
(1195, 'luchetto', -1430, '2022-05-26', ' testo di prova ', 5),
(1196, 'luchetto', 392, '2022-08-06', ' testo di prova ', 1),
(1197, 'luchetto', -280, '2020-05-11', ' testo di prova ', 3),
(1198, 'accaicedtea', 1057, '2023-08-27', ' testo di prova ', 4),
(1199, 'pippa', 1558, '2022-10-16', ' testo di prova ', 3),
(3416, 'accaicedtea', 50, '2023-04-11', 'desc', 6),
(8456, 'accaicedtea', -32, '2023-04-07', 'desc', 6),
(8565, 'accaicedtea', -60, '2023-04-27', 'desc', 6),
(53543, 'accaicedtea', 90, '2023-04-14', 'desc', 6),
(84567, 'accaicedtea', 23, '2023-03-22', 'desc', 6);

-- --------------------------------------------------------

--
-- Struttura della tabella `stati`
--

DROP TABLE IF EXISTS `stati`;
CREATE TABLE IF NOT EXISTS `stati` (
  `nome_stati` varchar(128) NOT NULL,
  PRIMARY KEY (`nome_stati`)
) ENGINE=InnoDB DEFAULT CHARSET=utf8mb4 COLLATE=utf8mb4_0900_ai_ci;

--
-- Dump dei dati per la tabella `stati`
--

INSERT INTO `stati` (`nome_stati`) VALUES
('Afghanistan'),
('Albania'),
('Algeria'),
('Andorra'),
('Angola'),
('Anguilla'),
('Antartide'),
('Antigua e Barbuda'),
('Arabia Saudita'),
('Argentina'),
('Armenia'),
('Aruba'),
('Australia'),
('Austria'),
('Azerbaigian'),
('Bahamas'),
('Bahrein'),
('Bangladesh'),
('Barbados'),
('Belgio'),
('Belize'),
('Benin'),
('Bermuda'),
('Bhutan'),
('Bielorussia'),
('Birmania'),
('Bolivia'),
('Bosnia ed Erzegovina'),
('Botswana'),
('Brasile'),
('Brunei'),
('Bulgaria'),
('Burkina Faso'),
('Burundi'),
('Cambogia'),
('Camerun'),
('Canada'),
('Capo Verde'),
('Ciad'),
('Cile'),
('Cina'),
('Cipro'),
('Citt'),
('Colombia'),
('Comore'),
('Corea del Nord'),
('Corea del Sud'),
('Costa d\'Avorio'),
('Costa Rica'),
('Croazia'),
('Cuba'),
('Cura'),
('Danimarca'),
('Dominica'),
('Ecuador'),
('Egitto'),
('El Salvador'),
('Emirati Arabi Uniti'),
('Eritrea'),
('Estonia'),
('Etiopia'),
('F'),
('Figi'),
('Filippine'),
('Finlandia'),
('Francia'),
('Gabon'),
('Gambia'),
('Georgia'),
('Georgia del Sud e isole Sandwich meridionali'),
('Germania'),
('Ghana'),
('Giamaica'),
('Giappone'),
('Gibilterra'),
('Gibuti'),
('Giordania'),
('Grecia'),
('Grenada'),
('Groenlandia'),
('Guadalupa'),
('Guam'),
('Guatemala'),
('Guernsey'),
('Guinea'),
('Guinea Equatoriale'),
('Guinea-Bissau'),
('Guyana'),
('Guyana francese'),
('Haiti'),
('Honduras'),
('Hong Kong'),
('India'),
('Indonesia'),
('Iran'),
('Iraq'),
('Irlanda'),
('Islanda'),
('Isola Bouvet'),
('Isola di Man'),
('Isola di Natale'),
('Isola Norfolk'),
('Isole '),
('Isole BES'),
('Isole Cayman'),
('Isole Cocos (Keeling)'),
('Isole Cook'),
('Isole Falkland'),
('Isole Heard e McDonald'),
('Isole Marianne Settentrionali'),
('Isole Marshall'),
('Isole minori esterne degli Stati Uniti'),
('Isole Pitcairn'),
('Isole Salomone'),
('Isole Vergini americane'),
('Isole Vergini britanniche'),
('Israele'),
('Italia'),
('Jersey'),
('Kazakistan'),
('Kenya'),
('Kirghizistan'),
('Kiribati'),
('Kuwait'),
('Laos'),
('Lesotho'),
('Lettonia'),
('Libano'),
('Liberia'),
('Libia'),
('Liechtenstein'),
('Lituania'),
('Lussemburgo'),
('Macao'),
('Macedonia'),
('Madagascar'),
('Malawi'),
('Maldive'),
('Malesia'),
('Mali'),
('Malta'),
('Marocco'),
('Martinica'),
('Mauritania'),
('Mauritius'),
('Mayotte'),
('Messico'),
('Micronesia'),
('Moldavia'),
('Monaco'),
('Mongolia'),
('Montenegro'),
('Montserrat'),
('Mozambico'),
('Namibia'),
('Nauru'),
('Nepal'),
('Nicaragua'),
('Niger'),
('Nigeria'),
('Niue'),
('Norvegia'),
('Nuova Caledonia'),
('Nuova Zelanda'),
('Oman'),
('Paesi Bassi'),
('Pakistan'),
('Palau'),
('Palestina'),
('Panam'),
('Papua Nuova Guinea'),
('Paraguay'),
('Per'),
('Polinesia Francese'),
('Polonia'),
('Porto Rico'),
('Portogallo'),
('Qatar'),
('RD del Congo'),
('Regno Unito'),
('Rep. Ceca'),
('Rep. Centrafricana'),
('Rep. del Congo'),
('Rep. Dominicana'),
('Riunione'),
('Romania'),
('Ruanda'),
('Russia'),
('S'),
('Sahara Occidentale'),
('Saint Kitts e Nevis'),
('Saint Vincent e Grenadine'),
('Saint-Barth'),
('Saint-Martin'),
('Saint-Pierre e Miquelon'),
('Samoa'),
('Samoa Americane'),
('San Marino'),
('Sant\'Elena'),
('Santa Lucia'),
('Senegal'),
('Serbia'),
('Seychelles'),
('Sierra Leone'),
('Singapore'),
('Sint Maarten'),
('Siria'),
('Slovacchia'),
('Slovenia'),
('Somalia'),
('Spagna'),
('Sri Lanka'),
('Stati Uniti'),
('Sudafrica'),
('Sudan'),
('Sudan del Sud'),
('Suriname'),
('Svalbard e Jan Mayen'),
('Svezia'),
('Svizzera'),
('Swaziland'),
('Tagikistan'),
('Taiwan'),
('Tanzania'),
('Terre australi e antartiche francesi'),
('Territorio britannico dell\'oceano Indiano'),
('Thailandia'),
('Timor Est'),
('Togo'),
('Tokelau'),
('Tonga'),
('Trinidad e Tobago'),
('Tunisia'),
('Turchia'),
('Turkmenistan'),
('Turks e Caicos'),
('Tuvalu'),
('Ucraina'),
('Uganda'),
('Ungheria'),
('Uruguay'),
('Uzbekistan'),
('Vanuatu'),
('Venezuela'),
('Vietnam'),
('Wallis e Futuna'),
('Yemen'),
('Zambia'),
('Zimbabwe');

-- --------------------------------------------------------

--
-- Struttura della tabella `utente`
--

DROP TABLE IF EXISTS `utente`;
CREATE TABLE IF NOT EXISTS `utente` (
  `username` varchar(30) NOT NULL,
  `nome` varchar(30) NOT NULL,
  `cognome` varchar(30) NOT NULL,
  `sesso` tinyint(1) NOT NULL,
  `nazionalita` varchar(50) NOT NULL,
  `dataN` date NOT NULL,
  `email` varchar(50) NOT NULL,
  `password` varchar(42) NOT NULL,
  `pfp` varchar(40) NOT NULL,
  `saldo_ini` decimal(16,2) NOT NULL,
  PRIMARY KEY (`username`),
  KEY `nazionalit` (`nazionalita`)
) ENGINE=InnoDB DEFAULT CHARSET=utf8mb4 COLLATE=utf8mb4_0900_ai_ci;

--
-- Dump dei dati per la tabella `utente`
--

INSERT INTO `utente` (`username`, `nome`, `cognome`, `sesso`, `nazionalita`, `dataN`, `email`, `password`, `pfp`, `saldo_ini`) VALUES
('accaicedtea', 'hasan', 'abdel aziz', 1, 'Italia', '2003-06-04', 'provaemail@email.com', '0975af2aa2d9a0dc37610668371e9d05', './assets/img/avatars/icons8-an', '0.00'),
('luchetto', 'luca', 'mimmi', 1, 'Italia', '1992-03-12', 'diobrando@gmail.com', '0975af2aa2d9a0dc37610668371e9d05', './assets/img/avatars/icons8-an', '0.00'),
('pippa', 'laura', 'zingheri', 0, 'Italia', '1995-10-18', 'cinquesonocinque@gmail.com', '0975af2aa2d9a0dc37610668371e9d05', './assets/img/avatars/icons8-an', '0.00');

--
-- Limiti per le tabelle scaricate
--

--
-- Limiti per la tabella `spesa`
--
ALTER TABLE `spesa`
  ADD CONSTRAINT `effettua` FOREIGN KEY (`utente`) REFERENCES `utente` (`username`) ON DELETE RESTRICT ON UPDATE RESTRICT,
  ADD CONSTRAINT `ha` FOREIGN KEY (`categoria`) REFERENCES `categoria` (`id`) ON DELETE RESTRICT ON UPDATE RESTRICT;

--
-- Limiti per la tabella `utente`
--
ALTER TABLE `utente`
  ADD CONSTRAINT `nazionalit` FOREIGN KEY (`nazionalita`) REFERENCES `stati` (`nome_stati`) ON DELETE RESTRICT ON UPDATE RESTRICT;
COMMIT;

/*!40101 SET CHARACTER_SET_CLIENT=@OLD_CHARACTER_SET_CLIENT */;
/*!40101 SET CHARACTER_SET_RESULTS=@OLD_CHARACTER_SET_RESULTS */;
/*!40101 SET COLLATION_CONNECTION=@OLD_COLLATION_CONNECTION */;
